Drishyam 2,Hindi 2D,PVR Bengaluru,11/25/22,4:30 PM,Screen-1,200,300,400
Drishyam 2,Hindi 2D,PVR Bengaluru,11/25/22,7:00 PM,Screen-1,200,300,400
Drishyam 2,Hindi 2D,PVR Bengaluru,11/25/22,10:30 PM,Screen-1,200,300,400
Drishyam 2,Hindi 2D,PVR Bengaluru,11/26/22,3:30 PM,Screen-1,200,300,400
Drishyam 2,Hindi 2D,PVR Bengaluru,11/26/22,6:30 PM,Screen-1,200,300,400
Drishyam 2,Hindi 2D,PVR Bengaluru,11/26/22,11:00 PM,Screen-1,200,300,400
Drishyam 2,Hindi 2D,PVR Bengaluru,11/27/22,12:00 PM,Screen-1,200,300,400
Drishyam 2,Hindi 2D,PVR Bengaluru,11/27/22,4:45 PM,Screen-1,200,300,400
Drishyam 2,Hindi 2D,PVR Bengaluru,11/27/22,10:45 PM,Screen-1,200,300,400
Drishyam 2,Hindi 2D,PVR,11/25/22,4:30 PM,Screen-1,200,300,400
Drishyam 2,Hindi 2D,PVR,11/25/22,7:00 PM,Screen-1,200,300,400
Drishyam 2,Hindi 2D,PVR,11/25/22,10:30 PM,Screen-1,200,300,400
Drishyam 2,Hindi 2D,PVR,11/26/22,3:30 PM,Screen-1,200,300,400
Drishyam 2,Hindi 2D,PVR,11/26/22,6:30 PM,Screen-1,200,300,400
Drishyam 2,Hindi 2D,PVR,11/26/22,11:00 PM,Screen-1,200,300,400
Drishyam 2,Hindi 2D,PVR,11/27/22,12:00 PM,Screen-1,200,300,400
Drishyam 2,Hindi 2D,PVR,11/27/22,4:45 PM,Screen-1,200,300,400
Drishyam 2,Hindi 2D,PVR,11/27/22,10:45 PM,Screen-1,200,300,400
Drishyam 2,Hindi 2D,INOX Delhi,11/25/22,9:30 AM,Screen-1,200,300,400
Drishyam 2,Hindi 2D,INOX Delhi,11/25/22,3:00 PM,Screen-1,200,300,400
Drishyam 2,Hindi 2D,INOX Delhi,11/25/22,8:30 PM,Screen-1,200,300,400
Drishyam 2,Hindi 2D,INOX Delhi,11/26/22,11:15 AM,Screen-1,200,300,400
Drishyam 2,Hindi 2D,INOX Delhi,11/26/22,4:45 PM,Screen-1,200,300,400
Drishyam 2,Hindi 2D,INOX Delhi,11/26/22,10:15 PM,Screen-1,200,300,400
Drishyam 2,Hindi 2D,INOX Delhi,11/27/22,2:00 PM,Screen-1,200,300,400
Drishyam 2,Hindi 2D,INOX Delhi,11/27/22,5:00 PM,Screen-1,200,300,400
Drishyam 2,Hindi 2D,INOX Delhi,11/27/22,10:00 PM,Screen-1,200,300,400
Drishyam 2,Hindi 2D,INOX,11/25/22,9:30 AM,Screen-1,200,300,400
Drishyam 2,Hindi 2D,INOX,11/25/22,3:00 PM,Screen-1,200,300,400
Drishyam 2,Hindi 2D,INOX,11/25/22,8:30 PM,Screen-1,200,300,400
Drishyam 2,Hindi 2D,INOX,11/26/22,11:15 AM,Screen-1,200,300,400
Drishyam 2,Hindi 2D,INOX,11/26/22,4:45 PM,Screen-1,200,300,400
Drishyam 2,Hindi 2D,INOX,11/26/22,10:15 PM,Screen-1,200,300,400
Drishyam 2,Hindi 2D,INOX,11/27/22,2:00 PM,Screen-1,200,300,400
Drishyam 2,Hindi 2D,INOX,11/27/22,5:00 PM,Screen-1,200,300,400
Drishyam 2,Hindi 2D,INOX,11/27/22,10:00 PM,Screen-1,200,300,400
Drishyam 2,Hindi 2D,Cinepolis Mumbai,11/25/22,2:30 PM,Screen-1,200,300,400
Drishyam 2,Hindi 2D,Cinepolis Mumbai,11/25/22,6:00 PM,Screen-1,200,300,400
Drishyam 2,Hindi 2D,Cinepolis Mumbai,11/25/22,9:45 PM,Screen-1,200,300,400
Drishyam 2,Hindi 2D,Cinepolis Mumbai,11/26/22,10:00 AM,Screen-1,200,300,400
Drishyam 2,Hindi 2D,Cinepolis Mumbai,11/26/22,3:30 PM,Screen-1,200,300,400
Drishyam 2,Hindi 2D,Cinepolis Mumbai,11/26/22,8:45 PM,Screen-1,200,300,400
Drishyam 2,Hindi 2D,Cinepolis Mumbai,11/27/22,3:00 PM,Screen-1,200,300,400
Drishyam 2,Hindi 2D,Cinepolis Mumbai,11/27/22,5:30 PM,Screen-1,200,300,400
Drishyam 2,Hindi 2D,Cinepolis Mumbai,11/27/22,9:30 PM,Screen-1,200,300,400
Drishyam 2,Hindi 2D,Cinepolis,11/25/22,2:30 PM,Screen-1,200,300,400
Drishyam 2,Hindi 2D,Cinepolis,11/25/22,6:00 PM,Screen-1,200,300,400
Drishyam 2,Hindi 2D,Cinepolis,11/25/22,9:45 PM,Screen-1,200,300,400
Drishyam 2,Hindi 2D,Cinepolis,11/26/22,10:00 AM,Screen-1,200,300,400
Drishyam 2,Hindi 2D,Cinepolis,11/26/22,3:30 PM,Screen-1,200,300,400
Drishyam 2,Hindi 2D,Cinepolis,11/26/22,8:45 PM,Screen-1,200,300,400
Drishyam 2,Hindi 2D,Cinepolis,11/27/22,3:00 PM,Screen-1,200,300,400
Drishyam 2,Hindi 2D,Cinepolis,11/27/22,5:30 PM,Screen-1,200,300,400
Drishyam 2,Hindi 2D,Cinepolis,11/27/22,9:30 PM,Screen-1,200,300,400
Drishyam 2,Hindi 2D,City Pride,11/25/22,10:00 AM,Screen-1,200,300,400
Drishyam 2,Hindi 2D,City Pride,11/25/22,4:30 PM,Screen-1,200,300,400
Drishyam 2,Hindi 2D,City Pride,11/26/22,4:30 PM,Screen-1,200,300,400
Drishyam 2,Hindi 2D,City Pride,11/26/22,10:00 PM,Screen-1,200,300,400
Drishyam 2,Hindi 2D,City Pride,11/27/22,10:00 PM,Screen-1,200,300,400
Drishyam 2,Hindi 2D,Carnival,11/25/22,4:45 PM,Screen-1,200,300,400
Drishyam 2,Hindi 2D,Carnival,11/25/22,10:00 PM,Screen-1,200,300,400
Drishyam 2,Hindi 2D,PVR Icon,11/26/22,6:45 PM,Screen-1,200,300,400
Drishyam 2,Hindi 2D,PVR Icon,11/26/22,11:30 PM,Screen-1,200,300,400
Coco,Eng 2D,Carnival,11/26/22,4:00 PM,Screen-2,200,300,400
Coco,Eng 3D,Carnival,11/26/22,6:15 PM,Screen-2,200,300,400
Coco,Eng 2D,Carnival,11/27/22,4:00 PM,Screen-2,200,300,400
Coco,Eng 3D,Carnival,11/27/22,6:30 PM,Screen-2,200,300,400
Black Adam,Eng 2D,Fun Cinemas,11/25/22,2:00 PM,Screen-3,200,300,400
Black Adam,Eng 2D,Fun Cinemas,11/25/22,8:00 PM,Screen-3,200,300,400
Black Adam,Eng 2D,Fun Cinemas,11/26/22,2:00 PM,Screen-3,200,300,400
Black Adam,Eng 2D,Fun Cinemas,11/26/22,8:00 PM,Screen-3,200,300,400
Black Adam,Eng 2D,Fun Cinemas,11/27/22,2:00 PM,Screen-3,200,300,400
Black Adam,Eng 2D,Fun Cinemas,11/27/22,8:00 PM,Screen-3,200,300,400
Black Adam,Eng 2D,Cinepolis Mumbai,11/25/22,2:45 PM,Screen-3,200,300,400
Black Adam,Eng 2D,Cinepolis Mumbai,11/25/22,6:45 PM,Screen-3,200,300,400
Black Adam,Eng 2D,Cinepolis Mumbai,11/25/22,10:45 PM,Screen-3,200,300,400
Black Adam,Eng 2D,Cinepolis Mumbai,11/26/22,10:00 AM,Screen-3,200,300,400
Black Adam,Eng 2D,Cinepolis Mumbai,11/26/22,1:30 PM,Screen-3,200,300,400
Black Adam,Eng 2D,Cinepolis Mumbai,11/26/22,5:45 PM,Screen-3,200,300,400
Black Adam,Eng 2D,Cinepolis Mumbai,11/27/22,4:30 PM,Screen-3,200,300,400
Black Adam,Eng 2D,Cinepolis Mumbai,11/27/22,8:30 PM,Screen-3,200,300,400
Black Adam,Eng 2D,Cinepolis Mumbai,11/27/22,11:00 PM,Screen-3,200,300,400
Black Adam,Eng 2D,Cinepolis,11/25/22,2:45 PM,Screen-3,200,300,400
Black Adam,Eng 2D,Cinepolis,11/25/22,6:45 PM,Screen-3,200,300,400
Black Adam,Eng 2D,Cinepolis,11/25/22,10:45 PM,Screen-3,200,300,400
Black Adam,Eng 2D,Cinepolis,11/26/22,10:00 AM,Screen-3,200,300,400
Black Adam,Eng 2D,Cinepolis,11/26/22,1:30 PM,Screen-3,200,300,400
Black Adam,Eng 2D,Cinepolis,11/26/22,5:45 PM,Screen-3,200,300,400
Black Adam,Eng 2D,Cinepolis,11/27/22,4:30 PM,Screen-3,200,300,400
Black Adam,Eng 2D,Cinepolis,11/27/22,8:30 PM,Screen-3,200,300,400
Black Adam,Eng 2D,Cinepolis,11/27/22,11:00 PM,Screen-3,200,300,400
Black Adam,Eng 2D,PVR Promenade,11/25/22,4:45 PM,Screen-3,200,300,400
Black Adam,Eng 2D,PVR Promenade,11/25/22,10:00 PM,Screen-3,200,300,400
Black Adam,Eng 2D,PVR Promenade,11/26/22,3:30 PM,Screen-3,200,300,400
Black Adam,Eng 2D,PVR Promenade,11/26/22,9:30 PM,Screen-3,200,300,400
Black Adam,Eng 2D,PVR Promenade,11/27/22,6:45 PM,Screen-3,200,300,400
Black Adam,Eng 2D,PVR Promenade,11/27/22,11:00 PM,Screen-3,200,300,400
Black Adam,Eng 2D,INOX Delhi,11/25/22,3:30 PM,Screen-3,200,300,400
Black Adam,Eng 2D,INOX Delhi,11/25/22,7:30 PM,Screen-3,200,300,400
Black Adam,Eng 2D,INOX Delhi,11/25/22,11:45 PM,Screen-3,200,300,400
Black Adam,Eng 2D,INOX Delhi,11/26/22,2:30 PM,Screen-3,200,300,400
Black Adam,Eng 2D,INOX Delhi,11/26/22,6:30 PM,Screen-3,200,300,400
Black Adam,Eng 2D,INOX Delhi,11/26/22,10:30 PM,Screen-3,200,300,400
Black Adam,Eng 2D,INOX Delhi,11/27/22,2:30 PM,Screen-3,200,300,400
Black Adam,Eng 2D,INOX Delhi,11/27/22,10:00 PM,Screen-3,200,300,400
Black Adam,Eng 2D,INOX,11/25/22,3:30 PM,Screen-3,200,300,400
Black Adam,Eng 2D,INOX,11/25/22,7:30 PM,Screen-3,200,300,400
Black Adam,Eng 2D,INOX,11/25/22,11:45 PM,Screen-3,200,300,400
Black Adam,Eng 2D,INOX,11/26/22,2:30 PM,Screen-3,200,300,400
Black Adam,Eng 2D,INOX,11/26/22,6:30 PM,Screen-3,200,300,400
Black Adam,Eng 2D,INOX,11/26/22,10:30 PM,Screen-3,200,300,400
Black Adam,Eng 2D,INOX,11/27/22,2:30 PM,Screen-3,200,300,400
Black Adam,Eng 2D,INOX,11/27/22,10:00 PM,Screen-3,200,300,400
Black Adam,Eng 2D,PVR Bengaluru,11/25/22,2:45 PM,Screen-3,200,300,400
Black Adam,Eng 2D,PVR Bengaluru,11/25/22,7:30 PM,Screen-3,200,300,400
Black Adam,Eng 2D,PVR Bengaluru,11/25/22,10:45 PM,Screen-3,200,300,400
Black Adam,Eng 2D,PVR Bengaluru,11/26/22,11:30 AM,Screen-3,200,300,400
Black Adam,Eng 2D,PVR Bengaluru,11/26/22,3:45 PM,Screen-3,200,300,400
Black Adam,Eng 2D,PVR Bengaluru,11/26/22,9:00 PM,Screen-3,200,300,400
Black Adam,Eng 2D,PVR Bengaluru,11/27/22,1:00 PM,Screen-3,200,300,400
Black Adam,Eng 2D,PVR Bengaluru,11/27/22,5:00 PM,Screen-3,200,300,400
Black Adam,Eng 2D,PVR Bengaluru,11/27/22,9:30 PM,Screen-3,200,300,400
Black Adam,Eng 2D,PVR,11/25/22,2:45 PM,Screen-3,200,300,400
Black Adam,Eng 2D,PVR,11/25/22,7:30 PM,Screen-3,200,300,400
Black Adam,Eng 2D,PVR,11/25/22,10:45 PM,Screen-3,200,300,400
Black Adam,Eng 2D,PVR,11/26/22,11:30 AM,Screen-3,200,300,400
Black Adam,Eng 2D,PVR,11/26/22,3:45 PM,Screen-3,200,300,400
Black Adam,Eng 2D,PVR,11/26/22,9:00 PM,Screen-3,200,300,400
Black Adam,Eng 2D,PVR,11/27/22,1:00 PM,Screen-3,200,300,400
Black Adam,Eng 2D,PVR,11/27/22,5:00 PM,Screen-3,200,300,400
Black Adam,Eng 2D,PVR,11/27/22,9:30 PM,Screen-3,200,300,400
Black Adam,Eng 2D,PVR Icon,11/25/22,2:00 PM,Screen-3,200,300,400
Black Adam,Eng 2D,PVR Icon,11/25/22,4:45 PM,Screen-3,200,300,400
Black Adam,Eng 2D,PVR Icon,11/26/22,2:00 PM,Screen-3,200,300,400
Black Adam,Eng 2D,PVR Icon,11/26/22,5:00 PM,Screen-3,200,300,400
Black Adam,Eng 2D,PVR Icon,11/27/22,1:00 PM,Screen-3,200,300,400
Black Adam,Eng 2D,PVR Icon,11/27/22,9:00 PM,Screen-3,200,300,400
Black Adam,Eng 2D,City Pride,11/25/22,10:30 AM,Screen-3,200,300,400
Black Adam,Eng 2D,City Pride,11/25/22,4:45 PM,Screen-3,200,300,400
Black Adam,Eng 2D,City Pride,11/26/22,11:15 AM,Screen-3,200,300,400
Black Adam,Eng 2D,City Pride,11/26/22,7:30 PM,Screen-3,200,300,400
Avatar 2,Eng 2D,Cinepolis Mumbai,11/25/22,2:00 PM,Screen-4,200,300,400
Avatar 2,Eng 2D,Cinepolis Mumbai,11/25/22,4:00 PM,Screen-4,200,300,400
Avatar 2,Eng 3D,Cinepolis Mumbai,11/25/22,10:00 AM,Screen-4,200,300,400
Avatar 2,Eng 3D,Cinepolis Mumbai,11/25/22,7:00 PM,Screen-4,200,300,400
Avatar 2,Eng Imax,Cinepolis Mumbai,11/25/22,9:00 PM,Screen-4,200,300,400
Avatar 2,Eng 2D,Cinepolis Mumbai,11/26/22,2:00 PM,Screen-4,200,300,400
Avatar 2,Eng 2D,Cinepolis Mumbai,11/26/22,4:00 PM,Screen-4,200,300,400
Avatar 2,Eng 3D,Cinepolis Mumbai,11/26/22,10:00 AM,Screen-4,200,300,400
Avatar 2,Eng 3D,Cinepolis Mumbai,11/26/22,7:00 PM,Screen-4,200,300,400
Avatar 2,Eng Imax,Cinepolis Mumbai,11/26/22,9:00 PM,Screen-4,200,300,400
Avatar 2,Eng 2D,Cinepolis Mumbai,11/27/22,2:00 PM,Screen-4,200,300,400
Avatar 2,Eng 2D,Cinepolis Mumbai,11/27/22,4:00 PM,Screen-4,200,300,400
Avatar 2,Eng 3D,Cinepolis Mumbai,11/27/22,10:00 AM,Screen-4,200,300,400
Avatar 2,Eng 3D,Cinepolis Mumbai,11/27/22,7:00 PM,Screen-4,200,300,400
Avatar 2,Eng Imax,Cinepolis Mumbai,11/27/22,9:00 PM,Screen-4,200,300,400
Avatar 2,Eng 2D,Cinepolis,11/25/22,2:00 PM,Screen-4,200,300,400
Avatar 2,Eng 2D,Cinepolis,11/25/22,4:00 PM,Screen-4,200,300,400
Avatar 2,Eng 3D,Cinepolis,11/25/22,10:00 AM,Screen-4,200,300,400
Avatar 2,Eng 3D,Cinepolis,11/25/22,7:00 PM,Screen-4,200,300,400
Avatar 2,Eng Imax,Cinepolis,11/25/22,9:00 PM,Screen-4,200,300,400
Avatar 2,Eng 2D,Cinepolis,11/26/22,2:00 PM,Screen-4,200,300,400
Avatar 2,Eng 2D,Cinepolis,11/26/22,4:00 PM,Screen-4,200,300,400
Avatar 2,Eng 3D,Cinepolis,11/26/22,10:00 AM,Screen-4,200,300,400
Avatar 2,Eng 3D,Cinepolis,11/26/22,7:00 PM,Screen-4,200,300,400
Avatar 2,Eng Imax,Cinepolis,11/26/22,9:00 PM,Screen-4,200,300,400
Avatar 2,Eng 2D,Cinepolis,11/27/22,2:00 PM,Screen-4,200,300,400
Avatar 2,Eng 2D,Cinepolis,11/27/22,4:00 PM,Screen-4,200,300,400
Avatar 2,Eng 3D,Cinepolis,11/27/22,10:00 AM,Screen-4,200,300,400
Avatar 2,Eng 3D,Cinepolis,11/27/22,7:00 PM,Screen-4,200,300,400
Avatar 2,Eng Imax,Cinepolis,11/27/22,9:00 PM,Screen-4,200,300,400
Avatar 2,Eng 2D,PVR Bengaluru,11/25/22,11:30 AM,Screen-4,200,300,400
Avatar 2,Eng 3D,PVR Bengaluru,11/25/22,3:30 PM,Screen-4,200,300,400
Avatar 2,Eng 2D,PVR Bengaluru,11/25/22,6:30 PM,Screen-4,200,300,400
Avatar 2,Eng 3D,PVR Bengaluru,11/25/22,9:30 PM,Screen-4,200,300,400
Avatar 2,Eng 2D,PVR Bengaluru,11/26/22,11:00 AM,Screen-4,200,300,400
Avatar 2,Eng 3D,PVR Bengaluru,11/26/22,4:00 PM,Screen-4,200,300,400
Avatar 2,Eng 2D,PVR Bengaluru,11/26/22,7:45 PM,Screen-4,200,300,400
Avatar 2,Eng 3D,PVR Bengaluru,11/26/22,11:15 PM,Screen-4,200,300,400
Avatar 2,Eng 2D,PVR Bengaluru,11/27/22,2:00 PM,Screen-4,200,300,400
Avatar 2,Eng 3D,PVR Bengaluru,11/27/22,5:00 PM,Screen-4,200,300,400
Avatar 2,Eng 2D,PVR Bengaluru,11/27/22,8:00 PM,Screen-4,200,300,400
Avatar 2,Eng 3D,PVR Bengaluru,11/27/22,11:00 PM,Screen-4,200,300,400
Avatar 2,Eng 2D,PVR,11/25/22,11:30 AM,Screen-4,200,300,400
Avatar 2,Eng 3D,PVR,11/25/22,3:30 PM,Screen-4,200,300,400
Avatar 2,Eng 2D,PVR,11/25/22,6:30 PM,Screen-4,200,300,400
Avatar 2,Eng 3D,PVR,11/25/22,9:30 PM,Screen-4,200,300,400
Avatar 2,Eng 2D,PVR,11/26/22,11:00 AM,Screen-4,200,300,400
Avatar 2,Eng 3D,PVR,11/26/22,4:00 PM,Screen-4,200,300,400
Avatar 2,Eng 2D,PVR,11/26/22,7:45 PM,Screen-4,200,300,400
Avatar 2,Eng 3D,PVR,11/26/22,11:15 PM,Screen-4,200,300,400
Avatar 2,Eng 2D,PVR,11/27/22,2:00 PM,Screen-4,200,300,400
Avatar 2,Eng 3D,PVR,11/27/22,5:00 PM,Screen-4,200,300,400
Avatar 2,Eng 2D,PVR,11/27/22,8:00 PM,Screen-4,200,300,400
Avatar 2,Eng 3D,PVR,11/27/22,11:00 PM,Screen-4,200,300,400
Avatar 2,Eng 2D,INOX Delhi,11/25/22,12:00 PM,Screen-4,200,300,400
Avatar 2,Eng 3D,INOX Delhi,11/25/22,2:30 PM,Screen-4,200,300,400
Avatar 2,Eng 2D,INOX Delhi,11/25/22,5:30 PM,Screen-4,200,300,400
Avatar 2,Eng 3D,INOX Delhi,11/25/22,9:00 PM,Screen-4,200,300,400
Avatar 2,Eng 2D,INOX Delhi,11/27/22,11:00 AM,Screen-4,200,300,400
Avatar 2,Eng 3D,INOX Delhi,11/27/22,4:45 PM,Screen-4,200,300,400
Avatar 2,Eng 3D,INOX Delhi,11/27/22,8:45 PM,Screen-4,200,300,400
Avatar 2,Eng 2D,INOX,11/25/22,12:00 PM,Screen-4,200,300,400
Avatar 2,Eng 3D,INOX,11/25/22,2:30 PM,Screen-4,200,300,400
Avatar 2,Eng 2D,INOX,11/25/22,5:30 PM,Screen-4,200,300,400
Avatar 2,Eng 3D,INOX,11/25/22,9:00 PM,Screen-4,200,300,400
Avatar 2,Eng 2D,INOX,11/27/22,11:00 AM,Screen-4,200,300,400
Avatar 2,Eng 3D,INOX,11/27/22,4:45 PM,Screen-4,200,300,400
Avatar 2,Eng 3D,INOX,11/27/22,8:45 PM,Screen-4,200,300,400
Avatar 2,Eng 3D,PVR Icon,11/25/22,11:45 AM,Screen-4,200,300,400
Avatar 2,Eng 3D,PVR Icon,11/25/22,4:30 PM,Screen-4,200,300,400
Avatar 2,Eng 3D,PVR Icon,11/26/22,4:30 PM,Screen-4,200,300,400
Avatar 2,Eng 2D,PVR Icon,11/26/22,7:00 PM,Screen-4,200,300,400
Avatar 2,Eng 3D,PVR Icon,11/27/22,10:00 PM,Screen-4,200,300,400
Avatar 2,Eng 2D,Fun Cinemas,11/25/22,10:30 AM,Screen-4,200,300,400
Avatar 2,Eng 2D,Fun Cinemas,11/25/22,1:45 PM,Screen-4,200,300,400
Avatar 2,Eng 2D,Fun Cinemas,11/25/22,5:45 PM,Screen-4,200,300,400
Avatar 2,Eng 3D,Fun Cinemas,11/26/22,12:00 PM,Screen-4,200,300,400
Avatar 2,Eng 3D,Fun Cinemas,11/26/22,3:30 PM,Screen-4,200,300,400
Avatar 2,Eng 3D,Fun Cinemas,11/26/22,7:45 PM,Screen-4,200,300,400
Avatar 2,Eng 3D,Carnival,11/25/22,11:30 AM,Screen-4,200,300,400
Avatar 2,Eng 2D,Carnival,11/25/22,7:45 PM,Screen-4,200,300,400
Avatar 2,Eng 2D,Carnival,11/26/22,11:45 AM,Screen-4,200,300,400
Avatar 2,Eng 3D,Carnival,11/26/22,8:00 PM,Screen-4,200,300,400
Avatar 2,Eng 3D,City Pride,11/25/22,11:00 AM,Screen-4,200,300,400
Avatar 2,Eng 2D,City Pride,11/25/22,5:45 PM,Screen-4,200,300,400
Avatar 2,Eng 3D,City Pride,11/25/22,10:30 PM,Screen-4,200,300,400
Avatar 2,Eng 2D,City Pride,11/26/22,4:30 PM,Screen-4,200,300,400
Avatar 2,Eng 2D,City Pride,11/26/22,7:30 PM,Screen-4,200,300,400
Avatar 2,Eng 3D,City Pride,11/26/22,11:00 PM,Screen-4,200,300,400
Avatar 2,Eng 3D,City Pride,11/27/22,11:30 AM,Screen-4,200,300,400
Avatar 2,Eng 3D,City Pride,11/27/22,1:45 PM,Screen-4,200,300,400
Avatar 2,Eng 3D,City Pride,11/27/22,8:00 PM,Screen-4,200,300,400
Avatar 2,Eng 2D,PVR Promenade,11/25/22,3:30 PM,Screen-4,200,300,400
Avatar 2,Eng 3D,PVR Promenade,11/26/22,6:00 PM,Screen-4,200,300,400
Avatar 2,Eng 2D,PVR Promenade,11/27/22,3:45 PM,Screen-4,200,300,400
Avatar 2,Eng 3D,PVR Promenade,11/27/22,7:45 PM,Screen-4,200,300,400
Ram Setu,Hindi 2D,Cinepolis Mumbai,11/25/22,11:30 AM,Screen-5,200,300,400
Ram Setu,Hindi 2D,Cinepolis Mumbai,11/25/22,4:45 PM,Screen-5,200,300,400
Ram Setu,Hindi 2D,Cinepolis Mumbai,11/25/22,9:00 PM,Screen-5,200,300,400
Ram Setu,Hindi 2D,Cinepolis Mumbai,11/26/22,11:30 AM,Screen-5,200,300,400
Ram Setu,Hindi 2D,Cinepolis Mumbai,11/26/22,3:45 PM,Screen-5,200,300,400
Ram Setu,Hindi 2D,Cinepolis Mumbai,11/26/22,7:45 PM,Screen-5,200,300,400
Ram Setu,Hindi 2D,Cinepolis Mumbai,11/27/22,9:30 AM,Screen-5,200,300,400
Ram Setu,Hindi 2D,Cinepolis Mumbai,11/27/22,1:45 PM,Screen-5,200,300,400
Ram Setu,Hindi 2D,Cinepolis Mumbai,11/27/22,6:30 PM,Screen-5,200,300,400
Ram Setu,Hindi 2D,Cinepolis,11/25/22,11:30 AM,Screen-5,200,300,400
Ram Setu,Hindi 2D,Cinepolis,11/25/22,4:45 PM,Screen-5,200,300,400
Ram Setu,Hindi 2D,Cinepolis,11/25/22,9:00 PM,Screen-5,200,300,400
Ram Setu,Hindi 2D,Cinepolis,11/26/22,11:30 AM,Screen-5,200,300,400
Ram Setu,Hindi 2D,Cinepolis,11/26/22,3:45 PM,Screen-5,200,300,400
Ram Setu,Hindi 2D,Cinepolis,11/26/22,7:45 PM,Screen-5,200,300,400
Ram Setu,Hindi 2D,Cinepolis,11/27/22,9:30 AM,Screen-5,200,300,400
Ram Setu,Hindi 2D,Cinepolis,11/27/22,1:45 PM,Screen-5,200,300,400
Ram Setu,Hindi 2D,Cinepolis,11/27/22,6:30 PM,Screen-5,200,300,400
Ram Setu,Hindi 2D,PVR Bengaluru,11/25/22,11:00 AM,Screen-5,200,300,400
Ram Setu,Hindi 2D,PVR Bengaluru,11/25/22,2:00 PM,Screen-5,200,300,400
Ram Setu,Hindi 2D,PVR Bengaluru,11/25/22,8:45 PM,Screen-5,200,300,400
Ram Setu,Hindi 2D,PVR Bengaluru,11/26/22,12:30 PM,Screen-5,200,300,400
Ram Setu,Hindi 2D,PVR Bengaluru,11/26/22,3:30 PM,Screen-5,200,300,400
Ram Setu,Hindi 2D,PVR Bengaluru,11/26/22,10:00 PM,Screen-5,200,300,400
Ram Setu,Hindi 2D,PVR Bengaluru,11/27/22,1:30 PM,Screen-5,200,300,400
Ram Setu,Hindi 2D,PVR Bengaluru,11/27/22,5:45 PM,Screen-5,200,300,400
Ram Setu,Hindi 2D,PVR Bengaluru,11/27/22,10:30 PM,Screen-5,200,300,400
Ram Setu,Hindi 2D,PVR,11/25/22,11:00 AM,Screen-5,200,300,400
Ram Setu,Hindi 2D,PVR,11/25/22,2:00 PM,Screen-5,200,300,400
Ram Setu,Hindi 2D,PVR,11/25/22,8:45 PM,Screen-5,200,300,400
Ram Setu,Hindi 2D,PVR,11/26/22,12:30 PM,Screen-5,200,300,400
Ram Setu,Hindi 2D,PVR,11/26/22,3:30 PM,Screen-5,200,300,400
Ram Setu,Hindi 2D,PVR,11/26/22,10:00 PM,Screen-5,200,300,400
Ram Setu,Hindi 2D,PVR,11/27/22,1:30 PM,Screen-5,200,300,400
Ram Setu,Hindi 2D,PVR,11/27/22,5:45 PM,Screen-5,200,300,400
Ram Setu,Hindi 2D,PVR,11/27/22,10:30 PM,Screen-5,200,300,400
Ram Setu,Hindi 2D,INOX Delhi,11/25/22,9:00 AM,Screen-5,200,300,400
Ram Setu,Hindi 2D,INOX Delhi,11/25/22,12:00 PM,Screen-5,200,300,400
Ram Setu,Hindi 2D,INOX Delhi,11/25/22,8:00 PM,Screen-5,200,300,400
Ram Setu,Hindi 2D,INOX Delhi,11/26/22,9:30 AM,Screen-5,200,300,400
Ram Setu,Hindi 2D,INOX Delhi,11/26/22,1:30 PM,Screen-5,200,300,400
Ram Setu,Hindi 2D,INOX Delhi,11/26/22,10:45 PM,Screen-5,200,300,400
Ram Setu,Hindi 2D,INOX Delhi,11/27/22,5:45 PM,Screen-5,200,300,400
Ram Setu,Hindi 2D,INOX,11/25/22,9:00 AM,Screen-5,200,300,400
Ram Setu,Hindi 2D,INOX,11/25/22,12:00 PM,Screen-5,200,300,400
Ram Setu,Hindi 2D,INOX,11/25/22,8:00 PM,Screen-5,200,300,400
Ram Setu,Hindi 2D,INOX,11/26/22,9:30 AM,Screen-5,200,300,400
Ram Setu,Hindi 2D,INOX,11/26/22,1:30 PM,Screen-5,200,300,400
Ram Setu,Hindi 2D,INOX,11/26/22,10:45 PM,Screen-5,200,300,400
Ram Setu,Hindi 2D,INOX,11/27/22,5:45 PM,Screen-5,200,300,400
Ram Setu,Hindi 2D,PVR Icon,11/25/22,1:30 PM,Screen-5,200,300,400
Ram Setu,Hindi 2D,PVR Icon,11/25/22,8:30 PM,Screen-5,200,300,400
Ram Setu,Hindi 2D,PVR Icon,11/26/22,11:00 AM,Screen-5,200,300,400
Ram Setu,Hindi 2D,PVR Icon,11/26/22,7:45 PM,Screen-5,200,300,400
Ram Setu,Hindi 2D,PVR Icon,11/27/22,12:30 PM,Screen-5,200,300,400
Ram Setu,Hindi 2D,PVR Icon,11/27/22,9:30 PM,Screen-5,200,300,400
Ram Setu,Hindi 2D,Fun Cinemas,11/25/22,9:00 AM,Screen-5,200,300,400
Ram Setu,Hindi 2D,Fun Cinemas,11/25/22,10:00 PM,Screen-5,200,300,400
Ram Setu,Hindi 2D,Fun Cinemas,11/26/22,12:00 PM,Screen-5,200,300,400
Ram Setu,Hindi 2D,Fun Cinemas,11/26/22,7:45 PM,Screen-5,200,300,400
Ram Setu,Hindi 2D,City Pride,11/25/22,11:45 AM,Screen-5,200,300,400
Ram Setu,Hindi 2D,City Pride,11/25/22,3:45 PM,Screen-5,200,300,400
Ram Setu,Hindi 2D,City Pride,11/26/22,12:45 PM,Screen-5,200,300,400
Ram Setu,Hindi 2D,City Pride,11/26/22,5:30 PM,Screen-5,200,300,400
Ram Setu,Hindi 2D,City Pride,11/26/22,10:30 PM,Screen-5,200,300,400
Ram Setu,Hindi 2D,City Pride,11/27/22,4:45 PM,Screen-5,200,300,400
Ram Setu,Hindi 2D,City Pride,11/27/22,11:00 PM,Screen-5,200,300,400
Ram Setu,Hindi 2D,Carnival,11/26/22,9:30 AM,Screen-5,200,300,400
Ram Setu,Hindi 2D,Carnival,11/26/22,2:45 PM,Screen-5,200,300,400
Ram Setu,Hindi 2D,Carnival,11/26/22,7:45 PM,Screen-5,200,300,400
Ram Setu,Hindi 2D,Carnival,11/26/22,11:15 PM,Screen-5,200,300,400
Brahmastra: Part 1,Hindi 2D,Cinepolis Mumbai,11/25/22,8:30 AM,Screen-6,200,300,400
Brahmastra: Part 1,Hindi 3D,Cinepolis Mumbai,11/25/22,12:00 PM,Screen-6,200,300,400
Brahmastra: Part 1,Hindi 2D,Cinepolis Mumbai,11/25/22,3:00 PM,Screen-6,200,300,400
Brahmastra: Part 1,Hindi Imax,Cinepolis Mumbai,11/25/22,6:15 PM,Screen-6,200,300,400
Brahmastra: Part 1,Hindi 3D,Cinepolis Mumbai,11/25/22,9:15 PM,Screen-6,200,300,400
Brahmastra: Part 1,Hindi Imax,Cinepolis Mumbai,11/25/22,11:45 PM,Screen-6,200,300,400
Brahmastra: Part 1,Hindi 2D,Cinepolis Mumbai,11/26/22,8:00 AM,Screen-6,200,300,400
Brahmastra: Part 1,Hindi 3D,Cinepolis Mumbai,11/26/22,12:15 PM,Screen-6,200,300,400
Brahmastra: Part 1,Hindi 2D,Cinepolis Mumbai,11/26/22,3:30 PM,Screen-6,200,300,400
Brahmastra: Part 1,Hindi Imax,Cinepolis Mumbai,11/26/22,6:30 PM,Screen-6,200,300,400
Brahmastra: Part 1,Hindi 3D,Cinepolis Mumbai,11/26/22,9:00 PM,Screen-6,200,300,400
Brahmastra: Part 1,Hindi Imax,Cinepolis Mumbai,11/26/22,11:30 PM,Screen-6,200,300,400
Brahmastra: Part 1,Hindi 2D,Cinepolis Mumbai,11/27/22,7:00 AM,Screen-6,200,300,400
Brahmastra: Part 1,Hindi 3D,Cinepolis Mumbai,11/27/22,10:30 AM,Screen-6,200,300,400
Brahmastra: Part 1,Hindi 2D,Cinepolis Mumbai,11/27/22,2:00 PM,Screen-6,200,300,400
Brahmastra: Part 1,Hindi Imax,Cinepolis Mumbai,11/27/22,5:30 PM,Screen-6,200,300,400
Brahmastra: Part 1,Hindi 3D,Cinepolis Mumbai,11/27/22,8:30 PM,Screen-6,200,300,400
Brahmastra: Part 1,Hindi Imax,Cinepolis Mumbai,11/27/22,11:00 PM,Screen-6,200,300,400
Brahmastra: Part 1,Hindi 2D,Cinepolis,11/25/22,8:30 AM,Screen-6,200,300,400
Brahmastra: Part 1,Hindi 3D,Cinepolis,11/25/22,12:00 PM,Screen-6,200,300,400
Brahmastra: Part 1,Hindi 2D,Cinepolis,11/25/22,3:00 PM,Screen-6,200,300,400
Brahmastra: Part 1,Hindi Imax,Cinepolis,11/25/22,6:15 PM,Screen-6,200,300,400
Brahmastra: Part 1,Hindi 3D,Cinepolis,11/25/22,9:15 PM,Screen-6,200,300,400
Brahmastra: Part 1,Hindi Imax,Cinepolis,11/25/22,11:45 PM,Screen-6,200,300,400
Brahmastra: Part 1,Hindi 2D,Cinepolis,11/26/22,8:00 AM,Screen-6,200,300,400
Brahmastra: Part 1,Hindi 3D,Cinepolis,11/26/22,12:15 PM,Screen-6,200,300,400
Brahmastra: Part 1,Hindi 2D,Cinepolis,11/26/22,3:30 PM,Screen-6,200,300,400
Brahmastra: Part 1,Hindi Imax,Cinepolis,11/26/22,6:30 PM,Screen-6,200,300,400
Brahmastra: Part 1,Hindi 3D,Cinepolis,11/26/22,9:00 PM,Screen-6,200,300,400
Brahmastra: Part 1,Hindi Imax,Cinepolis,11/26/22,11:30 PM,Screen-6,200,300,400
Brahmastra: Part 1,Hindi 2D,Cinepolis,11/27/22,7:00 AM,Screen-6,200,300,400
Brahmastra: Part 1,Hindi 3D,Cinepolis,11/27/22,10:30 AM,Screen-6,200,300,400
Brahmastra: Part 1,Hindi 2D,Cinepolis,11/27/22,2:00 PM,Screen-6,200,300,400
Brahmastra: Part 1,Hindi Imax,Cinepolis,11/27/22,5:30 PM,Screen-6,200,300,400
Brahmastra: Part 1,Hindi 3D,Cinepolis,11/27/22,8:30 PM,Screen-6,200,300,400
Brahmastra: Part 1,Hindi Imax,Cinepolis,11/27/22,11:00 PM,Screen-6,200,300,400
Brahmastra: Part 1,Hindi 3D,PVR Bengaluru,11/25/22,11:00 AM,Screen-6,200,300,400
Brahmastra: Part 1,Hindi 3D,PVR Bengaluru,11/25/22,4:45 PM,Screen-6,200,300,400
Brahmastra: Part 1,Hindi 2D,PVR Bengaluru,11/25/22,7:45 PM,Screen-6,200,300,400
Brahmastra: Part 1,Hindi 2D,PVR Bengaluru,11/26/22,11:00 AM,Screen-6,200,300,400
Brahmastra: Part 1,Hindi 3D,PVR Bengaluru,11/26/22,5:30 PM,Screen-6,200,300,400
Brahmastra: Part 1,Hindi 3D,PVR Bengaluru,11/26/22,10:30 PM,Screen-6,200,300,400
Brahmastra: Part 1,Hindi 2D,PVR Bengaluru,11/27/22,10:00 AM,Screen-6,200,300,400
Brahmastra: Part 1,Hindi 2D,PVR Bengaluru,11/27/22,1:45 PM,Screen-6,200,300,400
Brahmastra: Part 1,Hindi 3D,PVR Bengaluru,11/27/22,9:30 PM,Screen-6,200,300,400
Brahmastra: Part 1,Hindi 3D,PVR,11/25/22,11:00 AM,Screen-6,200,300,400
Brahmastra: Part 1,Hindi 3D,PVR,11/25/22,4:45 PM,Screen-6,200,300,400
Brahmastra: Part 1,Hindi 2D,PVR,11/25/22,7:45 PM,Screen-6,200,300,400
Brahmastra: Part 1,Hindi 2D,PVR,11/26/22,11:00 AM,Screen-6,200,300,400
Brahmastra: Part 1,Hindi 3D,PVR,11/26/22,5:30 PM,Screen-6,200,300,400
Brahmastra: Part 1,Hindi 3D,PVR,11/26/22,10:30 PM,Screen-6,200,300,400
Brahmastra: Part 1,Hindi 2D,PVR,11/27/22,10:00 AM,Screen-6,200,300,400
Brahmastra: Part 1,Hindi 2D,PVR,11/27/22,1:45 PM,Screen-6,200,300,400
Brahmastra: Part 1,Hindi 3D,PVR,11/27/22,9:30 PM,Screen-6,200,300,400
Brahmastra: Part 1,Hindi 2D,INOX Delhi,11/25/22,10:00 AM,Screen-6,200,300,400
Brahmastra: Part 1,Hindi 2D,INOX Delhi,11/25/22,1:50 PM,Screen-6,200,300,400
Brahmastra: Part 1,Hindi 3D,INOX Delhi,11/25/22,6:45 PM,Screen-6,200,300,400
Brahmastra: Part 1,Hindi 2D,INOX Delhi,11/26/22,11:00 AM,Screen-6,200,300,400
Brahmastra: Part 1,Hindi 2D,INOX Delhi,11/26/22,4:30 PM,Screen-6,200,300,400
Brahmastra: Part 1,Hindi 3D,INOX Delhi,11/26/22,9:00 PM,Screen-6,200,300,400
Brahmastra: Part 1,Hindi 3D,INOX Delhi,11/27/22,11:30 AM,Screen-6,200,300,400
Brahmastra: Part 1,Hindi 2D,INOX Delhi,11/27/22,5:45 PM,Screen-6,200,300,400
Brahmastra: Part 1,Hindi 3D,INOX Delhi,11/27/22,9:30 PM,Screen-6,200,300,400
Brahmastra: Part 1,Hindi 2D,INOX,11/25/22,10:00 AM,Screen-6,200,300,400
Brahmastra: Part 1,Hindi 2D,INOX,11/25/22,1:50 PM,Screen-6,200,300,400
Brahmastra: Part 1,Hindi 3D,INOX,11/25/22,6:45 PM,Screen-6,200,300,400
Brahmastra: Part 1,Hindi 2D,INOX,11/26/22,11:00 AM,Screen-6,200,300,400
Brahmastra: Part 1,Hindi 2D,INOX,11/26/22,4:30 PM,Screen-6,200,300,400
Brahmastra: Part 1,Hindi 3D,INOX,11/26/22,9:00 PM,Screen-6,200,300,400
Brahmastra: Part 1,Hindi 3D,INOX,11/27/22,11:30 AM,Screen-6,200,300,400
Brahmastra: Part 1,Hindi 2D,INOX,11/27/22,5:45 PM,Screen-6,200,300,400
Brahmastra: Part 1,Hindi 3D,INOX,11/27/22,9:30 PM,Screen-6,200,300,400
Brahmastra: Part 1,Hindi 2D,Fun Cinemas,11/25/22,10:00 AM,Screen-6,200,300,400
Brahmastra: Part 1,Hindi 3D,Fun Cinemas,11/25/22,4:00 PM,Screen-6,200,300,400
Brahmastra: Part 1,Hindi 2D,Fun Cinemas,11/26/22,11:30 AM,Screen-6,200,300,400
Brahmastra: Part 1,Hindi 2D,Fun Cinemas,11/26/22,7:45 PM,Screen-6,200,300,400
Brahmastra: Part 1,Hindi 3D,Fun Cinemas,11/27/22,11:30 PM,Screen-6,200,300,400
Brahmastra: Part 1,Hindi 3D,Fun Cinemas,11/27/22,9:00 PM,Screen-6,200,300,400
Brahmastra: Part 1,Hindi 3D,PVR Icon,11/25/22,12:30 PM,Screen-6,200,300,400
Brahmastra: Part 1,Hindi 3D,PVR Icon,11/25/22,5:30 PM,Screen-6,200,300,400
Brahmastra: Part 1,Hindi 3D,PVR Icon,11/25/22,9:00 PM,Screen-6,200,300,400
Brahmastra: Part 1,Hindi 3D,PVR Icon,11/26/22,5:45 PM,Screen-6,200,300,400
Brahmastra: Part 1,Hindi 2D,PVR Icon,11/26/22,10:00 PM,Screen-6,200,300,400
Brahmastra: Part 1,Hindi 2D,PVR Icon,11/27/22,12:30 PM,Screen-6,200,300,400
Brahmastra: Part 1,Hindi 3D,PVR Promenade,11/25/22,12:30 PM,Screen-6,200,300,400
Brahmastra: Part 1,Hindi 2D,PVR Promenade,11/25/22,5:45 PM,Screen-6,200,300,400
Brahmastra: Part 1,Hindi 2D,PVR Promenade,11/26/22,5:45 PM,Screen-6,200,300,400
Brahmastra: Part 1,Hindi 2D,PVR Promenade,11/26/22,9:00 PM,Screen-6,200,300,400
Brahmastra: Part 1,Hindi 2D,PVR Promenade,11/27/22,5:45 PM,Screen-6,200,300,400
Brahmastra: Part 1,Hindi 3D,PVR Promenade,11/27/22,9:30 PM,Screen-6,200,300,400
Brahmastra: Part 1,Hindi 3D,City Pride,11/25/22,12:30 PM,Screen-6,200,300,400
Brahmastra: Part 1,Hindi 3D,City Pride,11/25/22,7:30 PM,Screen-6,200,300,400
Brahmastra: Part 1,Hindi 2D,City Pride,11/26/22,12:30 PM,Screen-6,200,300,400
Brahmastra: Part 1,Hindi 2D,City Pride,11/26/22,6:45 PM,Screen-6,200,300,400
Brahmastra: Part 1,Hindi 3D,City Pride,11/27/22,1:30 PM,Screen-6,200,300,400
Brahmastra: Part 1,Hindi 3D,City Pride,11/27/22,5:45 PM,Screen-6,200,300,400
Brahmastra: Part 1,Hindi 2D,City Pride,11/27/22,9:30 PM,Screen-6,200,300,400
Brahmastra: Part 1,Hindi 3D,Carnival ,11/25/22,1:30 PM,Screen-6,200,300,400
Brahmastra: Part 1,Hindi 3D,Carnival ,11/25/22,7:45 PM,Screen-6,200,300,400
Brahmastra: Part 1,Hindi 2D,Carnival ,11/26/22,10:00 AM,Screen-6,200,300,400
Brahmastra: Part 1,Hindi 2D,Carnival ,11/26/22,1:30 PM,Screen-6,200,300,400
Brahmastra: Part 1,Hindi 2D,Carnival ,11/27/22,1:30 PM,Screen-6,200,300,400
Brahmastra: Part 1,Hindi 3D,Carnival ,11/27/22,8:00 PM,Screen-6,200,300,400
RRR,Hindi 3D,Cinepolis Mumbai,11/25/22,10:00 AM,Screen-7,200,300,400
RRR,Hindi 2D,Cinepolis Mumbai,11/25/22,2:15 PM,Screen-7,200,300,400
RRR,Hindi 3D,Cinepolis Mumbai,11/26/22,4:00 PM,Screen-7,200,300,400
RRR,Hindi 2D,Cinepolis Mumbai,11/26/22,8:00 PM,Screen-7,200,300,400
RRR,Hindi 3D,Cinepolis Mumbai,11/27/22,10:30 AM,Screen-7,200,300,400
RRR,Hindi 2D,Cinepolis Mumbai,11/27/22,4:00 PM,Screen-7,200,300,400
RRR,Hindi 3D,Cinepolis Mumbai,11/27/22,9:45 PM,Screen-7,200,300,400
RRR,Hindi 3D,Cinepolis,11/25/22,10:00 AM,Screen-7,200,300,400
RRR,Hindi 2D,Cinepolis,11/25/22,2:15 PM,Screen-7,200,300,400
RRR,Hindi 3D,Cinepolis,11/26/22,4:00 PM,Screen-7,200,300,400
RRR,Hindi 2D,Cinepolis,11/26/22,8:00 PM,Screen-7,200,300,400
RRR,Hindi 3D,Cinepolis,11/27/22,10:30 AM,Screen-7,200,300,400
RRR,Hindi 2D,Cinepolis,11/27/22,4:00 PM,Screen-7,200,300,400
RRR,Hindi 3D,Cinepolis,11/27/22,9:45 PM,Screen-7,200,300,400
RRR,Hindi 3D,PVR Bengaluru,11/25/22,10:30 AM,Screen-7,200,300,400
RRR,Hindi 2D,PVR Bengaluru,11/25/22,2:30 PM,Screen-7,200,300,400
RRR,Hindi 3D,PVR Bengaluru,11/25/22,9:00 PM,Screen-7,200,300,400
RRR,Hindi 2D,PVR Bengaluru,11/26/22,9:30 AM,Screen-7,200,300,400
RRR,Hindi 3D,PVR Bengaluru,11/26/22,1:30 PM,Screen-7,200,300,400
RRR,Hindi 2D,PVR Bengaluru,11/26/22,7:30 PM,Screen-7,200,300,400
RRR,Hindi 3D,PVR Bengaluru,11/27/22,10:30 AM,Screen-7,200,300,400
RRR,Hindi 2D,PVR Bengaluru,11/27/22,4:30 PM,Screen-7,200,300,400
RRR,Hindi 3D,PVR Bengaluru,11/27/22,9:45 PM,Screen-7,200,300,400
RRR,Hindi 3D,PVR,11/25/22,10:30 AM,Screen-7,200,300,400
RRR,Hindi 2D,PVR,11/25/22,2:30 PM,Screen-7,200,300,400
RRR,Hindi 3D,PVR,11/25/22,9:00 PM,Screen-7,200,300,400
RRR,Hindi 2D,PVR,11/26/22,9:30 AM,Screen-7,200,300,400
RRR,Hindi 3D,PVR,11/26/22,1:30 PM,Screen-7,200,300,400
RRR,Hindi 2D,PVR,11/26/22,7:30 PM,Screen-7,200,300,400
RRR,Hindi 3D,PVR,11/27/22,10:30 AM,Screen-7,200,300,400
RRR,Hindi 2D,PVR,11/27/22,4:30 PM,Screen-7,200,300,400
RRR,Hindi 3D,PVR,11/27/22,9:45 PM,Screen-7,200,300,400
RRR,Hindi 2D,INOX Delhi,11/25/22,10:30 AM,Screen-7,200,300,400
RRR,Hindi 3D,INOX Delhi,11/25/22,4:30 PM,Screen-7,200,300,400
RRR,Hindi 2D,INOX Delhi,11/25/22,9:30 PM,Screen-7,200,300,400
RRR,Hindi 3D,INOX Delhi,11/26/22,11:00 AM,Screen-7,200,300,400
RRR,Hindi 2D,INOX Delhi,11/26/22,4:00 PM,Screen-7,200,300,400
RRR,Hindi 3D,INOX Delhi,11/27/22,11:30 AM,Screen-7,200,300,400
RRR,Hindi 2D,INOX Delhi,11/27/22,4:30 PM,Screen-7,200,300,400
RRR,Hindi 3D,INOX Delhi,11/27/22,8:00 PM,Screen-7,200,300,400
RRR,Hindi 2D,INOX Delhi,11/27/22,11:00 PM,Screen-7,200,300,400
RRR,Hindi 2D,INOX,11/25/22,10:30 AM,Screen-7,200,300,400
RRR,Hindi 3D,INOX,11/25/22,4:30 PM,Screen-7,200,300,400
RRR,Hindi 2D,INOX,11/25/22,9:30 PM,Screen-7,200,300,400
RRR,Hindi 3D,INOX,11/26/22,11:00 AM,Screen-7,200,300,400
RRR,Hindi 2D,INOX,11/26/22,4:00 PM,Screen-7,200,300,400
RRR,Hindi 3D,INOX,11/27/22,11:30 AM,Screen-7,200,300,400
RRR,Hindi 2D,INOX,11/27/22,4:30 PM,Screen-7,200,300,400
RRR,Hindi 3D,INOX,11/27/22,8:00 PM,Screen-7,200,300,400
RRR,Hindi 2D,INOX,11/27/22,11:00 PM,Screen-7,200,300,400
RRR,Hindi 2D,City Pride,11/25/22,11:00 AM,Screen-7,200,300,400
RRR,Hindi 2D,City Pride,11/25/22,5:00 PM,Screen-7,200,300,400
RRR,Hindi 2D,City Pride,11/26/22,11:00 AM,Screen-7,200,300,400
RRR,Hindi 3D,City Pride,11/26/22,5:30 PM,Screen-7,200,300,400
RRR,Hindi 3D,City Pride,11/27/22,12:30 PM,Screen-7,200,300,400
RRR,Hindi 3D,City Pride,11/27/22,7:30 PM,Screen-7,200,300,400
RRR,Hindi 3D,Fun Cinemas,11/25/22,12:30 PM,Screen-7,200,300,400
RRR,Hindi 3D,Fun Cinemas,11/25/22,7:30 PM,Screen-7,200,300,400
RRR,Hindi 2D,Fun Cinemas,11/27/22,10:00 AM,Screen-7,200,300,400
RRR,Hindi 2D,Fun Cinemas,11/27/22,2:00 PM,Screen-7,200,300,400
RRR,Hindi 2D,Fun Cinemas,11/27/22,7:00 PM,Screen-7,200,300,400
RRR,Hindi 3D,PVR Promenade,11/25/22,1:00 PM,Screen-7,200,300,400
RRR,Hindi 3D,PVR Promenade,11/25/22,9:00 PM,Screen-7,200,300,400
RRR,Hindi 3D,PVR Promenade,11/26/22,1:00 PM,Screen-7,200,300,400
RRR,Hindi 3D,PVR Promenade,11/26/22,9:00 PM,Screen-7,200,300,400
RRR,Hindi 2D,PVR Promenade,11/27/22,10:00 AM,Screen-7,200,300,400
RRR,Hindi 3D,PVR Promenade,11/27/22,9:00 PM,Screen-7,200,300,400
RRR,Hindi 3D,PVR Icon,11/25/22,10:00 AM,Screen-7,200,300,400
RRR,Hindi 3D,PVR Icon,11/25/22,3:00 PM,Screen-7,200,300,400
RRR,Hindi 3D,PVR Icon,11/25/22,7:00 PM,Screen-7,200,300,400
RRR,Hindi 3D,PVR Icon,11/25/22,10:30 PM,Screen-7,200,300,400
RRR,Hindi 3D,PVR Icon,11/26/22,10:00 PM,Screen-7,200,300,400
The Adam Project,Eng 2D,Carnival,11/25/22,7:00 PM,Screen-8,200,300,400
The Adam Project,Eng 2D,Carnival,11/25/22,10:00 PM,Screen-8,200,300,400
The Adam Project,Eng 2D,Carnival,11/26/22,5:00 PM,Screen-8,200,300,400
The Adam Project,Eng 2D,Carnival,11/26/22,8:00 PM,Screen-8,200,300,400
The Adam Project,Eng Imax,Cinepolis Mumbai,11/25/22,10:30 AM,Screen-8,200,300,400
The Adam Project,Eng Imax,Cinepolis Mumbai,11/25/22,7:30 PM,Screen-8,200,300,400
The Adam Project,Eng 2D,Cinepolis Mumbai,11/26/22,10:30 AM,Screen-8,200,300,400
The Adam Project,Eng 2D,Cinepolis Mumbai,11/26/22,7:30 PM,Screen-8,200,300,400
The Adam Project,Eng 2D,Cinepolis Mumbai,11/27/22,10:30 AM,Screen-8,200,300,400
The Adam Project,Eng 2D,Cinepolis Mumbai,11/27/22,5:30 PM,Screen-8,200,300,400
The Adam Project,Eng Imax,Cinepolis,11/25/22,10:30 AM,Screen-8,200,300,400
The Adam Project,Eng Imax,Cinepolis,11/25/22,7:30 PM,Screen-8,200,300,400
The Adam Project,Eng 2D,Cinepolis,11/26/22,10:30 AM,Screen-8,200,300,400
The Adam Project,Eng 2D,Cinepolis,11/26/22,7:30 PM,Screen-8,200,300,400
The Adam Project,Eng 2D,Cinepolis,11/27/22,10:30 AM,Screen-8,200,300,400
The Adam Project,Eng 2D,Cinepolis,11/27/22,5:30 PM,Screen-8,200,300,400
The Adam Project,Eng 2D,PVR Promenade,11/25/22,11:30 AM,Screen-8,200,300,400
The Adam Project,Eng 2D,PVR Promenade,11/25/22,7:30 PM,Screen-8,200,300,400
The Adam Project,Eng 2D,PVR Promenade,11/27/22,11:30 AM,Screen-8,200,300,400
The Adam Project,Eng 2D,PVR Promenade,11/27/22,9:00 PM,Screen-8,200,300,400
The Adam Project,Eng 2D,INOX Delhi,11/25/22,7:00 PM,Screen-8,200,300,400
The Adam Project,Eng 2D,INOX Delhi,11/25/22,10:00 PM,Screen-8,200,300,400
The Adam Project,Eng 2D,INOX Delhi,11/26/22,4:30 PM,Screen-8,200,300,400
The Adam Project,Eng 2D,INOX Delhi,11/26/22,7:30 PM,Screen-8,200,300,400
The Adam Project,Eng 2D,INOX Delhi,11/26/22,10:00 PM,Screen-8,200,300,400
The Adam Project,Eng 2D,INOX Delhi,11/27/22,4:00 PM,Screen-8,200,300,400
The Adam Project,Eng 2D,INOX,11/25/22,7:00 PM,Screen-8,200,300,400
The Adam Project,Eng 2D,INOX,11/25/22,10:00 PM,Screen-8,200,300,400
The Adam Project,Eng 2D,INOX,11/26/22,4:30 PM,Screen-8,200,300,400
The Adam Project,Eng 2D,INOX,11/26/22,7:30 PM,Screen-8,200,300,400
The Adam Project,Eng 2D,INOX,11/26/22,10:00 PM,Screen-8,200,300,400
The Adam Project,Eng 2D,INOX,11/27/22,4:00 PM,Screen-8,200,300,400
Minions: The Rise Of Gru,Eng 2D,Cinepolis Mumbai,11/25/22,4:00 PM,Screen-9,200,300,400
Minions: The Rise Of Gru,Eng 3D,Cinepolis Mumbai,11/26/22,4:00 PM,Screen-9,200,300,400
Minions: The Rise Of Gru,Eng 3D,Cinepolis Mumbai,11/27/22,10:00 AM,Screen-9,200,300,400
Minions: The Rise Of Gru,Eng 3D,Cinepolis Mumbai,11/27/22,1:00 PM,Screen-9,200,300,400
Minions: The Rise Of Gru,Eng 3D,Cinepolis Mumbai,11/27/22,6:00 PM,Screen-9,200,300,400
Minions: The Rise Of Gru,Eng 2D,Cinepolis,11/25/22,4:00 PM,Screen-9,200,300,400
Minions: The Rise Of Gru,Eng 3D,Cinepolis,11/26/22,4:00 PM,Screen-9,200,300,400
Minions: The Rise Of Gru,Eng 3D,Cinepolis,11/27/22,10:00 AM,Screen-9,200,300,400
Minions: The Rise Of Gru,Eng 3D,Cinepolis,11/27/22,1:00 PM,Screen-9,200,300,400
Minions: The Rise Of Gru,Eng 3D,Cinepolis,11/27/22,6:00 PM,Screen-9,200,300,400
Minions: The Rise Of Gru,Eng 2D,PVR Bengaluru,11/26/22,3:00 PM,Screen-9,200,300,400
Minions: The Rise Of Gru,Eng 2D,PVR Bengaluru,11/26/22,7:00 PM,Screen-9,200,300,400
Minions: The Rise Of Gru,Eng 3D,PVR Bengaluru,11/27/22,12:00 PM,Screen-9,200,300,400
Minions: The Rise Of Gru,Eng 3D,PVR Bengaluru,11/27/22,6:00 PM,Screen-9,200,300,400
Minions: The Rise Of Gru,Eng 2D,PVR,11/26/22,3:00 PM,Screen-9,200,300,400
Minions: The Rise Of Gru,Eng 2D,PVR,11/26/22,7:00 PM,Screen-9,200,300,400
Minions: The Rise Of Gru,Eng 3D,PVR,11/27/22,12:00 PM,Screen-9,200,300,400
Minions: The Rise Of Gru,Eng 3D,PVR,11/27/22,6:00 PM,Screen-9,200,300,400
Minions: The Rise Of Gru,Eng 3D,Carnival,11/25/22,3:00 PM,Screen-9,200,300,400
Minions: The Rise Of Gru,Eng 3D,Carnival,11/25/22,6:00 PM,Screen-9,200,300,400
Minions: The Rise Of Gru,Eng 3D,Carnival,11/26/22,7:00 PM,Screen-9,200,300,400
Minions: The Rise Of Gru,Eng 2D,Carnival,11/27/22,4:00 PM,Screen-9,200,300,400
King Richard,Eng 2D,PVR Bengaluru,11/25/22,11:00 AM,Screen-10,200,300,400
King Richard,Eng 2D,PVR Bengaluru,11/25/22,2:30 PM,Screen-10,200,300,400
King Richard,Eng 2D,PVR Bengaluru,11/25/22,7:30 PM,Screen-10,200,300,400
King Richard,Eng 2D,PVR Bengaluru,11/26/22,2:30 PM,Screen-10,200,300,400
King Richard,Eng 2D,PVR Bengaluru,11/26/22,7:30 PM,Screen-10,200,300,400
King Richard,Eng 2D,PVR,11/25/22,11:00 AM,Screen-10,200,300,400
King Richard,Eng 2D,PVR,11/25/22,2:30 PM,Screen-10,200,300,400
King Richard,Eng 2D,PVR,11/25/22,7:30 PM,Screen-10,200,300,400
King Richard,Eng 2D,PVR,11/26/22,2:30 PM,Screen-10,200,300,400
King Richard,Eng 2D,PVR,11/26/22,7:30 PM,Screen-10,200,300,400
King Richard,Eng 2D,INOX Delhi,11/25/22,3:30 PM,Screen-10,200,300,400
King Richard,Eng 2D,INOX Delhi,11/25/22,6:30 PM,Screen-10,200,300,400
King Richard,Eng 2D,INOX Delhi,11/26/22,7:30 PM,Screen-10,200,300,400
King Richard,Eng 2D,INOX Delhi,11/27/22,9:00 PM,Screen-10,200,300,400
King Richard,Eng 2D,INOX,11/25/22,3:30 PM,Screen-10,200,300,400
King Richard,Eng 2D,INOX,11/25/22,6:30 PM,Screen-10,200,300,400
King Richard,Eng 2D,INOX,11/26/22,7:30 PM,Screen-10,200,300,400
King Richard,Eng 2D,INOX,11/27/22,9:00 PM,Screen-10,200,300,400
King Richard,Eng 2D,Fun Cinemas,11/26/22,2:30 PM,Screen-10,200,300,400
King Richard,Eng 2D,Fun Cinemas,11/26/22,8:00 PM,Screen-10,200,300,400
King Richard,Eng 2D,Fun Cinemas,11/27/22,8:00 PM,Screen-10,200,300,400
Thank God,Hindi 2D,Cinepolis Mumbai,11/25/22,10:30 AM,Screen-11,200,300,400
Thank God,Hindi 2D,Cinepolis Mumbai,11/25/22,2:45 PM,Screen-11,200,300,400
Thank God,Hindi 2D,Cinepolis Mumbai,11/25/22,7:45 PM,Screen-11,200,300,400
Thank God,Hindi 2D,Cinepolis Mumbai,11/26/22,12:30 PM,Screen-11,200,300,400
Thank God,Hindi 2D,Cinepolis Mumbai,11/26/22,5:45 PM,Screen-11,200,300,400
Thank God,Hindi 2D,Cinepolis Mumbai,11/26/22,9:45 PM,Screen-11,200,300,400
Thank God,Hindi 2D,Cinepolis Mumbai,11/27/22,1:30 PM,Screen-11,200,300,400
Thank God,Hindi 2D,Cinepolis Mumbai,11/27/22,10:00 PM,Screen-11,200,300,400
Thank God,Hindi 2D,Cinepolis,11/25/22,10:30 AM,Screen-11,200,300,400
Thank God,Hindi 2D,Cinepolis,11/25/22,2:45 PM,Screen-11,200,300,400
Thank God,Hindi 2D,Cinepolis,11/25/22,7:45 PM,Screen-11,200,300,400
Thank God,Hindi 2D,Cinepolis,11/26/22,12:30 PM,Screen-11,200,300,400
Thank God,Hindi 2D,Cinepolis,11/26/22,5:45 PM,Screen-11,200,300,400
Thank God,Hindi 2D,Cinepolis,11/26/22,9:45 PM,Screen-11,200,300,400
Thank God,Hindi 2D,Cinepolis,11/27/22,1:30 PM,Screen-11,200,300,400
Thank God,Hindi 2D,Cinepolis,11/27/22,10:00 PM,Screen-11,200,300,400
Thank God,Hindi 2D,PVR Bengaluru,11/25/22,1:30 PM,Screen-11,200,300,400
Thank God,Hindi 2D,PVR Bengaluru,11/25/22,7:45 PM,Screen-11,200,300,400
Thank God,Hindi 2D,PVR Bengaluru,11/26/22,2:30 PM,Screen-11,200,300,400
Thank God,Hindi 2D,PVR Bengaluru,11/26/22,9:00 PM,Screen-11,200,300,400
Thank God,Hindi 2D,PVR Bengaluru,11/27/22,10:00 AM,Screen-11,200,300,400
Thank God,Hindi 2D,PVR Bengaluru,11/27/22,1:30 PM,Screen-11,200,300,400
Thank God,Hindi 2D,PVR Bengaluru,11/27/22,6:30 PM,Screen-11,200,300,400
Thank God,Hindi 2D,PVR Bengaluru,11/27/22,10:30 PM,Screen-11,200,300,400
Thank God,Hindi 2D,PVR,11/25/22,1:30 PM,Screen-11,200,300,400
Thank God,Hindi 2D,PVR,11/25/22,7:45 PM,Screen-11,200,300,400
Thank God,Hindi 2D,PVR,11/26/22,2:30 PM,Screen-11,200,300,400
Thank God,Hindi 2D,PVR,11/26/22,9:00 PM,Screen-11,200,300,400
Thank God,Hindi 2D,PVR,11/27/22,10:00 AM,Screen-11,200,300,400
Thank God,Hindi 2D,PVR,11/27/22,1:30 PM,Screen-11,200,300,400
Thank God,Hindi 2D,PVR,11/27/22,6:30 PM,Screen-11,200,300,400
Thank God,Hindi 2D,PVR,11/27/22,10:30 PM,Screen-11,200,300,400
Thank God,Hindi 2D,INOX Delhi,11/25/22,5:00 PM,Screen-11,200,300,400
Thank God,Hindi 2D,INOX Delhi,11/25/22,9:00 PM,Screen-11,200,300,400
Thank God,Hindi 2D,INOX Delhi,11/26/22,11:00 AM,Screen-11,200,300,400
Thank God,Hindi 2D,INOX Delhi,11/26/22,5:00 PM,Screen-11,200,300,400
Thank God,Hindi 2D,INOX Delhi,11/27/22,1:30 PM,Screen-11,200,300,400
Thank God,Hindi 2D,INOX Delhi,11/27/22,7:00 PM,Screen-11,200,300,400
Thank God,Hindi 2D,INOX,11/25/22,5:00 PM,Screen-11,200,300,400
Thank God,Hindi 2D,INOX,11/25/22,9:00 PM,Screen-11,200,300,400
Thank God,Hindi 2D,INOX,11/26/22,11:00 AM,Screen-11,200,300,400
Thank God,Hindi 2D,INOX,11/26/22,5:00 PM,Screen-11,200,300,400
Thank God,Hindi 2D,INOX,11/27/22,1:30 PM,Screen-11,200,300,400
Thank God,Hindi 2D,INOX,11/27/22,7:00 PM,Screen-11,200,300,400
Thank God,Hindi 2D,City Pride,11/25/22,7:00 PM,Screen-11,200,300,400
Thank God,Hindi 2D,City Pride,11/25/22,10:00 PM,Screen-11,200,300,400
Thank God,Hindi 2D,City Pride,11/26/22,1:30 PM,Screen-11,200,300,400
Thank God,Hindi 2D,City Pride,11/26/22,7:00 PM,Screen-11,200,300,400
Thank God,Hindi 2D,City Pride,11/27/22,9:00 AM,Screen-11,200,300,400
Thank God,Hindi 2D,City Pride,11/27/22,9:00 PM,Screen-11,200,300,400
Thank God,Hindi 2D,Fun Cinemas,11/25/22,9:00 PM,Screen-11,200,300,400
Thank God,Hindi 2D,Fun Cinemas,11/26/22,9:00 PM,Screen-11,200,300,400
Thank God,Hindi 2D,Fun Cinemas,11/27/22,4:30 PM,Screen-11,200,300,400
Thank God,Hindi 2D,Fun Cinemas,11/27/22,9:00 PM,Screen-11,200,300,400
Thank God,Hindi 2D,PVR Promenade,11/25/22,3:00 PM,Screen-11,200,300,400
Thank God,Hindi 2D,PVR Promenade,11/25/22,9:00 PM,Screen-11,200,300,400
Thank God,Hindi 2D,PVR Promenade,11/26/22,2:30 PM,Screen-11,200,300,400
Thank God,Hindi 2D,PVR Promenade,11/26/22,9:30 PM,Screen-11,200,300,400
Thank God,Hindi 2D,PVR Promenade,11/27/22,10:00 PM,Screen-11,200,300,400
Thank God,Hindi 2D,PVR Icon,11/26/22,5:30 PM,Screen-11,200,300,400
Thank God,Hindi 2D,PVR Icon,11/26/22,9:30 PM,Screen-11,200,300,400
Thank God,Hindi 2D,PVR Icon,11/27/22,4:30 PM,Screen-11,200,300,400
Thank God,Hindi 2D,PVR Icon,11/27/22,10:00 PM,Screen-11,200,300,400
Bhool Bhulaiya 2,Hindi 2D,Cinepolis Mumbai,11/26/22,4:00 PM,Screen-12,200,300,400
Bhool Bhulaiya 2,Hindi 2D,Cinepolis Mumbai,11/26/22,7:30 PM,Screen-12,200,300,400
Bhool Bhulaiya 2,Hindi 2D,Cinepolis Mumbai,11/26/22,11:00 PM,Screen-12,200,300,400
Bhool Bhulaiya 2,Hindi 2D,Cinepolis Mumbai,11/27/22,2:30 PM,Screen-12,200,300,400
Bhool Bhulaiya 2,Hindi 2D,Cinepolis Mumbai,11/27/22,5:45 PM,Screen-12,200,300,400
Bhool Bhulaiya 2,Hindi 2D,Cinepolis Mumbai,11/27/22,10:00 PM,Screen-12,200,300,400
Bhool Bhulaiya 2,Hindi 2D,Cinepolis,11/26/22,4:00 PM,Screen-12,200,300,400
Bhool Bhulaiya 2,Hindi 2D,Cinepolis,11/26/22,7:30 PM,Screen-12,200,300,400
Bhool Bhulaiya 2,Hindi 2D,Cinepolis,11/26/22,11:00 PM,Screen-12,200,300,400
Bhool Bhulaiya 2,Hindi 2D,Cinepolis,11/27/22,2:30 PM,Screen-12,200,300,400
Bhool Bhulaiya 2,Hindi 2D,Cinepolis,11/27/22,5:45 PM,Screen-12,200,300,400
Bhool Bhulaiya 2,Hindi 2D,Cinepolis,11/27/22,10:00 PM,Screen-12,200,300,400
Bhool Bhulaiya 2,Hindi 2D,PVR Bengaluru,11/25/22,10:00 AM,Screen-12,200,300,400
Bhool Bhulaiya 2,Hindi 2D,PVR Bengaluru,11/25/22,10:00 PM,Screen-12,200,300,400
Bhool Bhulaiya 2,Hindi 2D,PVR Bengaluru,11/26/22,4:00 PM,Screen-12,200,300,400
Bhool Bhulaiya 2,Hindi 2D,PVR Bengaluru,11/26/22,10:00 PM,Screen-12,200,300,400
Bhool Bhulaiya 2,Hindi 2D,PVR Bengaluru,11/27/22,1:30 PM,Screen-12,200,300,400
Bhool Bhulaiya 2,Hindi 2D,PVR Bengaluru,11/27/22,8:30 PM,Screen-12,200,300,400
Bhool Bhulaiya 2,Hindi 2D,PVR,11/25/22,10:00 AM,Screen-12,200,300,400
Bhool Bhulaiya 2,Hindi 2D,PVR,11/25/22,10:00 PM,Screen-12,200,300,400
Bhool Bhulaiya 2,Hindi 2D,PVR,11/26/22,4:00 PM,Screen-12,200,300,400
Bhool Bhulaiya 2,Hindi 2D,PVR,11/26/22,10:00 PM,Screen-12,200,300,400
Bhool Bhulaiya 2,Hindi 2D,PVR,11/27/22,1:30 PM,Screen-12,200,300,400
Bhool Bhulaiya 2,Hindi 2D,PVR,11/27/22,8:30 PM,Screen-12,200,300,400
Bhool Bhulaiya 2,Hindi 2D,INOX Delhi,11/25/22,9:00 AM,Screen-12,200,300,400
Bhool Bhulaiya 2,Hindi 2D,INOX Delhi,11/25/22,9:00 PM,Screen-12,200,300,400
Bhool Bhulaiya 2,Hindi 2D,INOX Delhi,11/27/22,9:00 AM,Screen-12,200,300,400
Bhool Bhulaiya 2,Hindi 2D,INOX Delhi,11/27/22,1:00 AM,Screen-12,200,300,400
Bhool Bhulaiya 2,Hindi 2D,INOX Delhi,11/27/22,5:00 AM,Screen-12,200,300,400
Bhool Bhulaiya 2,Hindi 2D,INOX Delhi,11/27/22,9:00 PM,Screen-12,200,300,400
Bhool Bhulaiya 2,Hindi 2D,INOX,11/25/22,9:00 AM,Screen-12,200,300,400
Bhool Bhulaiya 2,Hindi 2D,INOX,11/25/22,9:00 PM,Screen-12,200,300,400
Bhool Bhulaiya 2,Hindi 2D,INOX,11/27/22,9:00 AM,Screen-12,200,300,400
Bhool Bhulaiya 2,Hindi 2D,INOX,11/27/22,1:00 AM,Screen-12,200,300,400
Bhool Bhulaiya 2,Hindi 2D,INOX,11/27/22,5:00 AM,Screen-12,200,300,400
Bhool Bhulaiya 2,Hindi 2D,INOX,11/27/22,9:00 PM,Screen-12,200,300,400
Bhool Bhulaiya 2,Hindi 2D,Carnival,11/26/22,7:00 PM,Screen-12,200,300,400
Bhool Bhulaiya 2,Hindi 2D,City Pride,11/25/22,4:30 PM,Screen-12,200,300,400
Bhool Bhulaiya 2,Hindi 2D,City Pride,11/25/22,9:30 PM,Screen-12,200,300,400
Bhool Bhulaiya 2,Hindi 2D,City Pride,11/26/22,3:30 PM,Screen-12,200,300,400
Bhool Bhulaiya 2,Hindi 2D,City Pride,11/26/22,8:30 PM,Screen-12,200,300,400
Bhool Bhulaiya 2,Hindi 2D,City Pride,11/27/22,5:30 PM,Screen-12,200,300,400
Bhool Bhulaiya 2,Hindi 2D,City Pride,11/27/22,10:30 PM,Screen-12,200,300,400
Bhool Bhulaiya 2,Hindi 2D,Fun Cinemas,11/26/22,5:30 PM,Screen-12,200,300,400
Bhool Bhulaiya 2,Hindi 2D,Fun Cinemas,11/26/22,10:00 PM,Screen-12,200,300,400
Bhool Bhulaiya 2,Hindi 2D,Fun Cinemas,11/27/22,4:30 PM,Screen-12,200,300,400
Bhool Bhulaiya 2,Hindi 2D,Fun Cinemas,11/27/22,9:00 PM,Screen-12,200,300,400
Bhool Bhulaiya 2,Hindi 2D,PVR Promenade,11/25/22,3:30 PM,Screen-12,200,300,400
Bhool Bhulaiya 2,Hindi 2D,PVR Promenade,11/25/22,9:00 PM,Screen-12,200,300,400
Bhool Bhulaiya 2,Hindi 2D,PVR Promenade,11/26/22,3:30 PM,Screen-12,200,300,400
Bhool Bhulaiya 2,Hindi 2D,PVR Promenade,11/26/22,9:00 PM,Screen-12,200,300,400
Bhool Bhulaiya 2,Hindi 2D,PVR Promenade,11/27/22,10:00 PM,Screen-12,200,300,400
Bhool Bhulaiya 2,Hindi 2D,PVR Icon,11/25/22,10:00 AM,Screen-12,200,300,400
Bhool Bhulaiya 2,Hindi 2D,PVR Icon,11/25/22,10:00 PM,Screen-12,200,300,400
Bhool Bhulaiya 2,Hindi 2D,PVR Icon,11/26/22,3:30 PM,Screen-12,200,300,400
Bhool Bhulaiya 2,Hindi 2D,PVR Icon,11/26/22,10:30 PM,Screen-12,200,300,400
Bhool Bhulaiya 2,Hindi 2D,PVR Icon,11/27/22,10:00 PM,Screen-12,200,300,400
Black Panther: Wakanda Forever,Eng 2D,Cinepolis Mumbai,11/25/22,12:30 PM,Screen-13,200,300,400
Black Panther: Wakanda Forever,Eng 3D,Cinepolis Mumbai,11/25/22,3:30 PM,Screen-13,200,300,400
Black Panther: Wakanda Forever,Eng 3D,Cinepolis Mumbai,11/25/22,6:30 PM,Screen-13,200,300,400
Black Panther: Wakanda Forever,Eng 2D,Cinepolis Mumbai,11/25/22,8:00 PM,Screen-13,200,300,400
Black Panther: Wakanda Forever,Eng Imax,Cinepolis Mumbai,11/25/22,10:45 PM,Screen-13,200,300,400
Black Panther: Wakanda Forever,Eng 2D,Cinepolis Mumbai,11/26/22,10:00 AM,Screen-13,200,300,400
Black Panther: Wakanda Forever,Eng 3D,Cinepolis Mumbai,11/26/22,1:30 PM,Screen-13,200,300,400
Black Panther: Wakanda Forever,Eng 3D,Cinepolis Mumbai,11/26/22,5:45 PM,Screen-13,200,300,400
Black Panther: Wakanda Forever,Eng 2D,Cinepolis Mumbai,11/26/22,8:00 PM,Screen-13,200,300,400
Black Panther: Wakanda Forever,Eng Imax,Cinepolis Mumbai,11/26/22,10:45 PM,Screen-13,200,300,400
Black Panther: Wakanda Forever,Eng 2D,Cinepolis Mumbai,11/27/22,10:00 AM,Screen-13,200,300,400
Black Panther: Wakanda Forever,Eng 3D,Cinepolis Mumbai,11/27/22,1:00 PM,Screen-13,200,300,400
Black Panther: Wakanda Forever,Eng 3D,Cinepolis Mumbai,11/27/22,4:30 PM,Screen-13,200,300,400
Black Panther: Wakanda Forever,Eng 2D,Cinepolis Mumbai,11/27/22,8:00 PM,Screen-13,200,300,400
Black Panther: Wakanda Forever,Eng Imax,Cinepolis Mumbai,11/27/22,11:00 PM,Screen-13,200,300,400
Black Panther: Wakanda Forever,Eng 2D,Cinepolis,11/25/22,12:30 PM,Screen-13,200,300,400
Black Panther: Wakanda Forever,Eng 3D,Cinepolis,11/25/22,3:30 PM,Screen-13,200,300,400
Black Panther: Wakanda Forever,Eng 3D,Cinepolis,11/25/22,6:30 PM,Screen-13,200,300,400
Black Panther: Wakanda Forever,Eng 2D,Cinepolis,11/25/22,8:00 PM,Screen-13,200,300,400
Black Panther: Wakanda Forever,Eng Imax,Cinepolis,11/25/22,10:45 PM,Screen-13,200,300,400
Black Panther: Wakanda Forever,Eng 2D,Cinepolis,11/26/22,10:00 AM,Screen-13,200,300,400
Black Panther: Wakanda Forever,Eng 3D,Cinepolis,11/26/22,1:30 PM,Screen-13,200,300,400
Black Panther: Wakanda Forever,Eng 3D,Cinepolis,11/26/22,5:45 PM,Screen-13,200,300,400
Black Panther: Wakanda Forever,Eng 2D,Cinepolis,11/26/22,8:00 PM,Screen-13,200,300,400
Black Panther: Wakanda Forever,Eng Imax,Cinepolis,11/26/22,10:45 PM,Screen-13,200,300,400
Black Panther: Wakanda Forever,Eng 2D,Cinepolis,11/27/22,10:00 AM,Screen-13,200,300,400
Black Panther: Wakanda Forever,Eng 3D,Cinepolis,11/27/22,1:00 PM,Screen-13,200,300,400
Black Panther: Wakanda Forever,Eng 3D,Cinepolis,11/27/22,4:30 PM,Screen-13,200,300,400
Black Panther: Wakanda Forever,Eng 2D,Cinepolis,11/27/22,8:00 PM,Screen-13,200,300,400
Black Panther: Wakanda Forever,Eng Imax,Cinepolis,11/27/22,11:00 PM,Screen-13,200,300,400
Black Panther: Wakanda Forever,Eng 3D,PVR Bengaluru,11/25/22,11:00 AM,Screen-13,200,300,400
Black Panther: Wakanda Forever,Eng 2D,PVR Bengaluru,11/25/22,3:00 PM,Screen-13,200,300,400
Black Panther: Wakanda Forever,Eng 2D,PVR Bengaluru,11/25/22,7:00 PM,Screen-13,200,300,400
Black Panther: Wakanda Forever,Eng 2D,PVR Bengaluru,11/26/22,11:30 AM,Screen-13,200,300,400
Black Panther: Wakanda Forever,Eng 3D,PVR Bengaluru,11/26/22,5:30 PM,Screen-13,200,300,400
Black Panther: Wakanda Forever,Eng 3D,PVR Bengaluru,11/26/22,9:30 PM,Screen-13,200,300,400
Black Panther: Wakanda Forever,Eng 3D,PVR,11/25/22,11:00 AM,Screen-13,200,300,400
Black Panther: Wakanda Forever,Eng 2D,PVR,11/25/22,3:00 PM,Screen-13,200,300,400
Black Panther: Wakanda Forever,Eng 2D,PVR,11/25/22,7:00 PM,Screen-13,200,300,400
Black Panther: Wakanda Forever,Eng 2D,PVR,11/26/22,11:30 AM,Screen-13,200,300,400
Black Panther: Wakanda Forever,Eng 3D,PVR,11/26/22,5:30 PM,Screen-13,200,300,400
Black Panther: Wakanda Forever,Eng 3D,PVR,11/26/22,9:30 PM,Screen-13,200,300,400
Black Panther: Wakanda Forever,Eng 3D,INOX Delhi,11/25/22,11:00 AM,Screen-13,200,300,400
Black Panther: Wakanda Forever,Eng 2D,INOX Delhi,11/25/22,3:30 PM,Screen-13,200,300,400
Black Panther: Wakanda Forever,Eng 3D,INOX Delhi,11/25/22,8:45 PM,Screen-13,200,300,400
Black Panther: Wakanda Forever,Eng 2D,INOX Delhi,11/26/22,12:30 PM,Screen-13,200,300,400
Black Panther: Wakanda Forever,Eng 3D,INOX Delhi,11/26/22,4:30 PM,Screen-13,200,300,400
Black Panther: Wakanda Forever,Eng 2D,INOX Delhi,11/26/22,9:30 PM,Screen-13,200,300,400
Black Panther: Wakanda Forever,Eng 3D,INOX Delhi,11/27/22,1:30 PM,Screen-13,200,300,400
Black Panther: Wakanda Forever,Eng 2D,INOX Delhi,11/27/22,5:30 PM,Screen-13,200,300,400
Black Panther: Wakanda Forever,Eng 3D,INOX Delhi,11/27/22,10:00 PM,Screen-13,200,300,400
Black Panther: Wakanda Forever,Eng 3D,INOX,11/25/22,11:00 AM,Screen-13,200,300,400
Black Panther: Wakanda Forever,Eng 2D,INOX,11/25/22,3:30 PM,Screen-13,200,300,400
Black Panther: Wakanda Forever,Eng 3D,INOX,11/25/22,8:45 PM,Screen-13,200,300,400
Black Panther: Wakanda Forever,Eng 2D,INOX,11/26/22,12:30 PM,Screen-13,200,300,400
Black Panther: Wakanda Forever,Eng 3D,INOX,11/26/22,4:30 PM,Screen-13,200,300,400
Black Panther: Wakanda Forever,Eng 2D,INOX,11/26/22,9:30 PM,Screen-13,200,300,400
Black Panther: Wakanda Forever,Eng 3D,INOX,11/27/22,1:30 PM,Screen-13,200,300,400
Black Panther: Wakanda Forever,Eng 2D,INOX,11/27/22,5:30 PM,Screen-13,200,300,400
Black Panther: Wakanda Forever,Eng 3D,INOX,11/27/22,10:00 PM,Screen-13,200,300,400
Black Panther: Wakanda Forever,Eng 3D,Fun Cinemas,11/25/22,1:30 PM,Screen-13,200,300,400
Black Panther: Wakanda Forever,Eng 3D,Fun Cinemas,11/25/22,7:30 PM,Screen-13,200,300,400
Black Panther: Wakanda Forever,Eng 2D,Fun Cinemas,11/26/22,10:00 AM,Screen-13,200,300,400
Black Panther: Wakanda Forever,Eng 2D,Fun Cinemas,11/26/22,3:00 PM,Screen-13,200,300,400
Black Panther: Wakanda Forever,Eng 3D,Fun Cinemas,11/27/22,2:30 PM,Screen-13,200,300,400
Black Panther: Wakanda Forever,Eng 3D,Fun Cinemas,11/27/22,8:30 PM,Screen-13,200,300,400
Black Panther: Wakanda Forever,Eng 3D,Carnival,11/25/22,1:30 PM,Screen-13,200,300,400
Black Panther: Wakanda Forever,Eng 3D,Carnival,11/25/22,7:30 PM,Screen-13,200,300,400
Black Panther: Wakanda Forever,Eng 3D,Carnival,11/26/22,12:00 PM,Screen-13,200,300,400
Black Panther: Wakanda Forever,Eng 3D,Carnival,11/26/22,8:00 PM,Screen-13,200,300,400
Black Panther: Wakanda Forever,Eng 3D,Carnival,11/27/22,11:00 AM,Screen-13,200,300,400
Black Panther: Wakanda Forever,Eng 2D,Carnival,11/27/22,5:00 PM,Screen-13,200,300,400
Black Panther: Wakanda Forever,Eng 2D,City Pride,11/25/22,12:00 PM,Screen-13,200,300,400
Black Panther: Wakanda Forever,Eng 2D,City Pride,11/25/22,4:00 PM,Screen-13,200,300,400
Black Panther: Wakanda Forever,Eng 3D,City Pride,11/25/22,9:00 PM,Screen-13,200,300,400
Black Panther: Wakanda Forever,Eng 3D,City Pride,11/26/22,12:00 PM,Screen-13,200,300,400
Black Panther: Wakanda Forever,Eng 2D,City Pride,11/26/22,4:00 PM,Screen-13,200,300,400
Black Panther: Wakanda Forever,Eng 2D,City Pride,11/27/22,7:00 PM,Screen-13,200,300,400
Black Panther: Wakanda Forever,Eng 3D,PVR Icon,11/26/22,12:30 PM,Screen-13,200,300,400
Black Panther: Wakanda Forever,Eng 3D,PVR Icon,11/26/22,4:45 PM,Screen-13,200,300,400
Black Panther: Wakanda Forever,Eng 3D,PVR Icon,11/26/22,10:00 PM,Screen-13,200,300,400
Black Panther: Wakanda Forever,Eng 2D,PVR Icon,11/27/22,11:00 AM,Screen-13,200,300,400
Black Panther: Wakanda Forever,Eng 2D,PVR Icon,11/27/22,3:30 PM,Screen-13,200,300,400
Black Panther: Wakanda Forever,Eng 2D,PVR Promenade,11/25/22,1:30 PM,Screen-13,200,300,400
Black Panther: Wakanda Forever,Eng 3D,PVR Promenade,11/25/22,8:30 PM,Screen-13,200,300,400
Black Panther: Wakanda Forever,Eng 2D,PVR Promenade,11/26/22,1:30 PM,Screen-13,200,300,400
Black Panther: Wakanda Forever,Eng 3D,PVR Promenade,11/26/22,8:30 PM,Screen-13,200,300,400
Black Panther: Wakanda Forever,Eng 2D,PVR Promenade,11/27/22,1:30 PM,Screen-13,200,300,400
Black Panther: Wakanda Forever,Eng 3D,PVR Promenade,11/27/22,8:30 PM,Screen-13,200,300,400
Runway 34,Hindi 2D,Cinepolis Mumbai,11/25/22,4:30 PM,Screen-14,200,300,400
Runway 34,Hindi 2D,Cinepolis Mumbai,11/25/22,8:30 PM,Screen-14,200,300,400
Runway 34,Hindi 2D,Cinepolis Mumbai,11/26/22,1:30 PM,Screen-14,200,300,400
Runway 34,Hindi 2D,Cinepolis Mumbai,11/26/22,7:30 PM,Screen-14,200,300,400
Runway 34,Hindi 2D,Cinepolis Mumbai,11/27/22,6:30 PM,Screen-14,200,300,400
Runway 34,Hindi 2D,Cinepolis Mumbai,11/27/22,10:30 PM,Screen-14,200,300,400
Runway 34,Hindi 2D,Cinepolis,11/25/22,4:30 PM,Screen-14,200,300,400
Runway 34,Hindi 2D,Cinepolis,11/25/22,8:30 PM,Screen-14,200,300,400
Runway 34,Hindi 2D,Cinepolis,11/26/22,1:30 PM,Screen-14,200,300,400
Runway 34,Hindi 2D,Cinepolis,11/26/22,7:30 PM,Screen-14,200,300,400
Runway 34,Hindi 2D,Cinepolis,11/27/22,6:30 PM,Screen-14,200,300,400
Runway 34,Hindi 2D,Cinepolis,11/27/22,10:30 PM,Screen-14,200,300,400
Runway 34,Hindi 2D,PVR Bengaluru,11/25/22,1:30 PM,Screen-14,200,300,400
Runway 34,Hindi 2D,PVR Bengaluru,11/25/22,5:45 PM,Screen-14,200,300,400
Runway 34,Hindi 2D,PVR Bengaluru,11/25/22,10:00 PM,Screen-14,200,300,400
Runway 34,Hindi 2D,PVR Bengaluru,11/26/22,12:30 PM,Screen-14,200,300,400
Runway 34,Hindi 2D,PVR Bengaluru,11/26/22,5:00 PM,Screen-14,200,300,400
Runway 34,Hindi 2D,PVR Bengaluru,11/26/22,9:00 PM,Screen-14,200,300,400
Runway 34,Hindi 2D,PVR Bengaluru,11/27/22,12:45 PM,Screen-14,200,300,400
Runway 34,Hindi 2D,PVR Bengaluru,11/27/22,6:45 PM,Screen-14,200,300,400
Runway 34,Hindi 2D,PVR Bengaluru,11/27/22,10:30 PM,Screen-14,200,300,400
Runway 34,Hindi 2D,PVR,11/25/22,1:30 PM,Screen-14,200,300,400
Runway 34,Hindi 2D,PVR,11/25/22,5:45 PM,Screen-14,200,300,400
Runway 34,Hindi 2D,PVR,11/25/22,10:00 PM,Screen-14,200,300,400
Runway 34,Hindi 2D,PVR,11/26/22,12:30 PM,Screen-14,200,300,400
Runway 34,Hindi 2D,PVR,11/26/22,5:00 PM,Screen-14,200,300,400
Runway 34,Hindi 2D,PVR,11/26/22,9:00 PM,Screen-14,200,300,400
Runway 34,Hindi 2D,PVR,11/27/22,12:45 PM,Screen-14,200,300,400
Runway 34,Hindi 2D,PVR,11/27/22,6:45 PM,Screen-14,200,300,400
Runway 34,Hindi 2D,PVR,11/27/22,10:30 PM,Screen-14,200,300,400
Runway 34,Hindi 2D,INOX Delhi,11/25/22,1:30 PM,Screen-14,200,300,400
Runway 34,Hindi 2D,INOX Delhi,11/26/22,1:30 PM,Screen-14,200,300,400
Runway 34,Hindi 2D,INOX Delhi,11/26/22,7:30 PM,Screen-14,200,300,400
Runway 34,Hindi 2D,INOX Delhi,11/27/22,11:00 AM,Screen-14,200,300,400
Runway 34,Hindi 2D,INOX Delhi,11/27/22,3:30 PM,Screen-14,200,300,400
Runway 34,Hindi 2D,INOX Delhi,11/27/22,10:30 PM,Screen-14,200,300,400
Runway 34,Hindi 2D,INOX,11/25/22,1:30 PM,Screen-14,200,300,400
Runway 34,Hindi 2D,INOX,11/26/22,1:30 PM,Screen-14,200,300,400
Runway 34,Hindi 2D,INOX,11/26/22,7:30 PM,Screen-14,200,300,400
Runway 34,Hindi 2D,INOX,11/27/22,11:00 AM,Screen-14,200,300,400
Runway 34,Hindi 2D,INOX,11/27/22,3:30 PM,Screen-14,200,300,400
Runway 34,Hindi 2D,INOX,11/27/22,10:30 PM,Screen-14,200,300,400
Runway 34,Hindi 2D,Fun Cinemas,11/25/22,1:30 PM,Screen-14,200,300,400
Runway 34,Hindi 2D,Fun Cinemas,11/25/22,7:30 PM,Screen-14,200,300,400
Runway 34,Hindi 2D,Fun Cinemas,11/26/22,1:30 PM,Screen-14,200,300,400
Runway 34,Hindi 2D,Fun Cinemas,11/26/22,7:30 PM,Screen-14,200,300,400
Runway 34,Hindi 2D,Fun Cinemas,11/27/22,1:30 PM,Screen-14,200,300,400
Runway 34,Hindi 2D,Fun Cinemas,11/27/22,7:30 PM,Screen-14,200,300,400
Runway 34,Hindi 2D,City Pride,11/25/22,2:00 PM,Screen-14,200,300,400
Runway 34,Hindi 2D,City Pride,11/25/22,5:00 PM,Screen-14,200,300,400
Runway 34,Hindi 2D,City Pride,11/25/22,10:00 PM,Screen-14,200,300,400
Runway 34,Hindi 2D,City Pride,11/26/22,10:00 AM,Screen-14,200,300,400
Runway 34,Hindi 2D,City Pride,11/26/22,1:30 PM,Screen-14,200,300,400
Runway 34,Hindi 2D,City Pride,11/26/22,8:45 PM,Screen-14,200,300,400
Runway 34,Hindi 2D,PVR Icon,11/26/22,5:45 PM,Screen-14,200,300,400
Runway 34,Hindi 2D,PVR Icon,11/26/22,9:00 PM,Screen-14,200,300,400
Runway 34,Hindi 2D,PVR Icon,11/27/22,5:45 PM,Screen-14,200,300,400
Runway 34,Hindi 2D,PVR Icon,11/27/22,9:00 PM,Screen-14,200,300,400
Runway 34,Hindi 2D,PVR Promenade,11/25/22,9:00 PM,Screen-14,200,300,400
Runway 34,Hindi 2D,PVR Promenade,11/26/22,11:30 AM,Screen-14,200,300,400
Runway 34,Hindi 2D,PVR Promenade,11/26/22,5:30 PM,Screen-14,200,300,400
Runway 34,Hindi 2D,PVR Promenade,11/27/22,2:30 PM,Screen-14,200,300,400
Runway 34,Hindi 2D,PVR Promenade,11/27/22,8:30 PM,Screen-14,200,300,400
Jurrasic World Dominion,Eng 2D,Cinepolis Mumbai,11/25/22,10:00 AM,Screen-15,200,300,400
Jurrasic World Dominion,Eng 3D,Cinepolis Mumbai,11/25/22,2:45 PM,Screen-15,200,300,400
Jurrasic World Dominion,Eng 3D,Cinepolis Mumbai,11/25/22,6:45 PM,Screen-15,200,300,400
Jurrasic World Dominion,Eng Imax,Cinepolis Mumbai,11/25/22,9:00 PM,Screen-15,200,300,400
Jurrasic World Dominion,Eng 2D,Cinepolis Mumbai,11/26/22,11:00 AM,Screen-15,200,300,400
Jurrasic World Dominion,Eng 3D,Cinepolis Mumbai,11/26/22,3:45 PM,Screen-15,200,300,400
Jurrasic World Dominion,Eng 3D,Cinepolis Mumbai,11/26/22,7:45 PM,Screen-15,200,300,400
Jurrasic World Dominion,Eng Imax,Cinepolis Mumbai,11/26/22,10:00 PM,Screen-15,200,300,400
Jurrasic World Dominion,Eng 3D,Cinepolis Mumbai,11/27/22,1:30 PM,Screen-15,200,300,400
Jurrasic World Dominion,Eng 3D,Cinepolis Mumbai,11/27/22,5:30 PM,Screen-15,200,300,400
Jurrasic World Dominion,Eng Imax,Cinepolis Mumbai,11/27/22,9:30 PM,Screen-15,200,300,400
Jurrasic World Dominion,Eng 2D,Cinepolis,11/25/22,10:00 AM,Screen-15,200,300,400
Jurrasic World Dominion,Eng 3D,Cinepolis,11/25/22,2:45 PM,Screen-15,200,300,400
Jurrasic World Dominion,Eng 3D,Cinepolis,11/25/22,6:45 PM,Screen-15,200,300,400
Jurrasic World Dominion,Eng Imax,Cinepolis,11/25/22,9:00 PM,Screen-15,200,300,400
Jurrasic World Dominion,Eng 2D,Cinepolis,11/26/22,11:00 AM,Screen-15,200,300,400
Jurrasic World Dominion,Eng 3D,Cinepolis,11/26/22,3:45 PM,Screen-15,200,300,400
Jurrasic World Dominion,Eng 3D,Cinepolis,11/26/22,7:45 PM,Screen-15,200,300,400
Jurrasic World Dominion,Eng Imax,Cinepolis,11/26/22,10:00 PM,Screen-15,200,300,400
Jurrasic World Dominion,Eng 3D,Cinepolis,11/27/22,1:30 PM,Screen-15,200,300,400
Jurrasic World Dominion,Eng 3D,Cinepolis,11/27/22,5:30 PM,Screen-15,200,300,400
Jurrasic World Dominion,Eng Imax,Cinepolis,11/27/22,9:30 PM,Screen-15,200,300,400
Jurrasic World Dominion,Eng 2D,PVR Bengaluru,11/25/22,11:00 AM,Screen-15,200,300,400
Jurrasic World Dominion,Eng 3D,PVR Bengaluru,11/25/22,4:30 PM,Screen-15,200,300,400
Jurrasic World Dominion,Eng 3D,PVR Bengaluru,11/25/22,8:30 PM,Screen-15,200,300,400
Jurrasic World Dominion,Eng 2D,PVR Bengaluru,11/26/22,11:00 AM,Screen-15,200,300,400
Jurrasic World Dominion,Eng 3D,PVR Bengaluru,11/26/22,4:30 PM,Screen-15,200,300,400
Jurrasic World Dominion,Eng 3D,PVR Bengaluru,11/26/22,8:30 PM,Screen-15,200,300,400
Jurrasic World Dominion,Eng 3D,PVR Bengaluru,11/27/22,9:00 PM,Screen-15,200,300,400
Jurrasic World Dominion,Eng 2D,PVR,11/25/22,11:00 AM,Screen-15,200,300,400
Jurrasic World Dominion,Eng 3D,PVR,11/25/22,4:30 PM,Screen-15,200,300,400
Jurrasic World Dominion,Eng 3D,PVR,11/25/22,8:30 PM,Screen-15,200,300,400
Jurrasic World Dominion,Eng 2D,PVR,11/26/22,11:00 AM,Screen-15,200,300,400
Jurrasic World Dominion,Eng 3D,PVR,11/26/22,4:30 PM,Screen-15,200,300,400
Jurrasic World Dominion,Eng 3D,PVR,11/26/22,8:30 PM,Screen-15,200,300,400
Jurrasic World Dominion,Eng 3D,PVR,11/27/22,9:00 PM,Screen-15,200,300,400
Jurrasic World Dominion,Eng 3D,INOX Delhi,11/26/22,12:00 PM,Screen-15,200,300,400
Jurrasic World Dominion,Eng 3D,INOX Delhi,11/26/22,6:30 PM,Screen-15,200,300,400
Jurrasic World Dominion,Eng 3D,INOX Delhi,11/26/22,10:00 PM,Screen-15,200,300,400
Jurrasic World Dominion,Eng 2D,INOX Delhi,11/27/22,11:00 AM,Screen-15,200,300,400
Jurrasic World Dominion,Eng 2D,INOX Delhi,11/27/22,4:30 PM,Screen-15,200,300,400
Jurrasic World Dominion,Eng 2D,INOX Delhi,11/27/22,8:00 PM,Screen-15,200,300,400
Jurrasic World Dominion,Eng 3D,INOX,11/26/22,12:00 PM,Screen-15,200,300,400
Jurrasic World Dominion,Eng 3D,INOX,11/26/22,6:30 PM,Screen-15,200,300,400
Jurrasic World Dominion,Eng 3D,INOX,11/26/22,10:00 PM,Screen-15,200,300,400
Jurrasic World Dominion,Eng 2D,INOX,11/27/22,11:00 AM,Screen-15,200,300,400
Jurrasic World Dominion,Eng 2D,INOX,11/27/22,4:30 PM,Screen-15,200,300,400
Jurrasic World Dominion,Eng 2D,INOX,11/27/22,8:00 PM,Screen-15,200,300,400
Jurrasic World Dominion,Eng 3D,PVR Icon,11/27/22,1:30 PM,Screen-15,200,300,400
Jurrasic World Dominion,Eng 3D,PVR Icon,11/27/22,5:00 PM,Screen-15,200,300,400
Jurrasic World Dominion,Eng 3D,PVR Icon,11/27/22,9:30 PM,Screen-15,200,300,400
Jurrasic World Dominion,Eng 3D,PVR Icon,11/27/22,12:15 AM,Screen-15,200,300,400
Jurrasic World Dominion,Eng 2D,Fun Cinemas,11/26/22,1:30 PM,Screen-15,200,300,400
Jurrasic World Dominion,Eng 3D,Fun Cinemas,11/26/22,7:15 PM,Screen-15,200,300,400
Jurrasic World Dominion,Eng 2D,Carnival,11/27/22,6:30 PM,Screen-15,200,300,400
Bhediya,Hindi 2D,Cinepolis Mumbai,11/25/22,1:30 PM,Screen-16,200,300,400
Bhediya,Hindi 3D,Cinepolis Mumbai,11/25/22,6:45 PM,Screen-16,200,300,400
Bhediya,Hindi 3D,Cinepolis Mumbai,11/25/22,10:00 PM,Screen-16,200,300,400
Bhediya,Hindi 2D,Cinepolis Mumbai,11/26/22,1:30 PM,Screen-16,200,300,400
Bhediya,Hindi 3D,Cinepolis Mumbai,11/26/22,6:45 PM,Screen-16,200,300,400
Bhediya,Hindi 3D,Cinepolis Mumbai,11/26/22,10:15 PM,Screen-16,200,300,400
Bhediya,Hindi 2D,Cinepolis Mumbai,11/27/22,1:30 PM,Screen-16,200,300,400
Bhediya,Hindi 3D,Cinepolis Mumbai,11/27/22,6:45 PM,Screen-16,200,300,400
Bhediya,Hindi 3D,Cinepolis Mumbai,11/27/22,10:30 PM,Screen-16,200,300,400
Bhediya,Hindi 2D,Cinepolis,11/25/22,1:30 PM,Screen-16,200,300,400
Bhediya,Hindi 3D,Cinepolis,11/25/22,6:45 PM,Screen-16,200,300,400
Bhediya,Hindi 3D,Cinepolis,11/25/22,10:00 PM,Screen-16,200,300,400
Bhediya,Hindi 2D,Cinepolis,11/26/22,1:30 PM,Screen-16,200,300,400
Bhediya,Hindi 3D,Cinepolis,11/26/22,6:45 PM,Screen-16,200,300,400
Bhediya,Hindi 3D,Cinepolis,11/26/22,10:15 PM,Screen-16,200,300,400
Bhediya,Hindi 2D,Cinepolis,11/27/22,1:30 PM,Screen-16,200,300,400
Bhediya,Hindi 3D,Cinepolis,11/27/22,6:45 PM,Screen-16,200,300,400
Bhediya,Hindi 3D,Cinepolis,11/27/22,10:30 PM,Screen-16,200,300,400
Bhediya,Hindi 2D,PVR Bengaluru,11/25/22,2:30 PM,Screen-16,200,300,400
Bhediya,Hindi 3D,PVR Bengaluru,11/25/22,7:00 PM,Screen-16,200,300,400
Bhediya,Hindi 3D,PVR Bengaluru,11/25/22,10:30 PM,Screen-16,200,300,400
Bhediya,Hindi 2D,PVR Bengaluru,11/26/22,2:30 PM,Screen-16,200,300,400
Bhediya,Hindi 3D,PVR Bengaluru,11/26/22,7:00 PM,Screen-16,200,300,400
Bhediya,Hindi 3D,PVR Bengaluru,11/26/22,10:30 PM,Screen-16,200,300,400
Bhediya,Hindi 2D,PVR Bengaluru,11/27/22,2:30 PM,Screen-16,200,300,400
Bhediya,Hindi 3D,PVR Bengaluru,11/27/22,7:00 PM,Screen-16,200,300,400
Bhediya,Hindi 3D,PVR Bengaluru,11/27/22,10:30 PM,Screen-16,200,300,400
Bhediya,Hindi 2D,PVR,11/25/22,2:30 PM,Screen-16,200,300,400
Bhediya,Hindi 3D,PVR,11/25/22,7:00 PM,Screen-16,200,300,400
Bhediya,Hindi 3D,PVR,11/25/22,10:30 PM,Screen-16,200,300,400
Bhediya,Hindi 2D,PVR,11/26/22,2:30 PM,Screen-16,200,300,400
Bhediya,Hindi 3D,PVR,11/26/22,7:00 PM,Screen-16,200,300,400
Bhediya,Hindi 3D,PVR,11/26/22,10:30 PM,Screen-16,200,300,400
Bhediya,Hindi 2D,PVR,11/27/22,2:30 PM,Screen-16,200,300,400
Bhediya,Hindi 3D,PVR,11/27/22,7:00 PM,Screen-16,200,300,400
Bhediya,Hindi 3D,PVR,11/27/22,10:30 PM,Screen-16,200,300,400
Bhediya,Hindi 3D,INOX Delhi,11/25/22,12:00 PM,Screen-16,200,300,400
Bhediya,Hindi 3D,INOX Delhi,11/25/22,3:15 PM,Screen-16,200,300,400
Bhediya,Hindi 2D,INOX Delhi,11/25/22,6:30 PM,Screen-16,200,300,400
Bhediya,Hindi 2D,INOX Delhi,11/25/22,9:30 PM,Screen-16,200,300,400
Bhediya,Hindi 3D,INOX Delhi,11/26/22,3:30 PM,Screen-16,200,300,400
Bhediya,Hindi 3D,INOX Delhi,11/26/22,7:00 PM,Screen-16,200,300,400
Bhediya,Hindi 2D,INOX Delhi,11/26/22,9:45 PM,Screen-16,200,300,400
Bhediya,Hindi 2D,INOX Delhi,11/26/22,12:00 AM,Screen-16,200,300,400
Bhediya,Hindi 3D,INOX Delhi,11/27/22,12:00 AM,Screen-16,200,300,400
Bhediya,Hindi 3D,INOX,11/25/22,12:00 PM,Screen-16,200,300,400
Bhediya,Hindi 3D,INOX,11/25/22,3:15 PM,Screen-16,200,300,400
Bhediya,Hindi 2D,INOX,11/25/22,6:30 PM,Screen-16,200,300,400
Bhediya,Hindi 2D,INOX,11/25/22,9:30 PM,Screen-16,200,300,400
Bhediya,Hindi 3D,INOX,11/26/22,3:30 PM,Screen-16,200,300,400
Bhediya,Hindi 3D,INOX,11/26/22,7:00 PM,Screen-16,200,300,400
Bhediya,Hindi 2D,INOX,11/26/22,9:45 PM,Screen-16,200,300,400
Bhediya,Hindi 2D,INOX,11/26/22,12:00 AM,Screen-16,200,300,400
Bhediya,Hindi 3D,INOX,11/27/22,12:00 AM,Screen-16,200,300,400
Bhediya,Hindi 2D,City Pride,11/25/22,12:00 PM,Screen-16,200,300,400
Bhediya,Hindi 3D,City Pride,11/25/22,4:00 PM,Screen-16,200,300,400
Bhediya,Hindi 3D,City Pride,11/25/22,9:00 PM,Screen-16,200,300,400
Bhediya,Hindi 2D,City Pride,11/27/22,12:00 PM,Screen-16,200,300,400
Bhediya,Hindi 3D,City Pride,11/27/22,4:00 PM,Screen-16,200,300,400
Bhediya,Hindi 3D,City Pride,11/27/22,9:00 PM,Screen-16,200,300,400
Bhediya,Hindi 3D,Fun Cinemas,11/25/22,3:00 PM,Screen-16,200,300,400
Bhediya,Hindi 3D,Fun Cinemas,11/25/22,9:00 PM,Screen-16,200,300,400
Bhediya,Hindi 2D,Fun Cinemas,11/26/22,12:00 PM,Screen-16,200,300,400
Bhediya,Hindi 3D,Fun Cinemas,11/26/22,9:15 PM,Screen-16,200,300,400
Bhediya,Hindi 2D,Fun Cinemas,11/27/22,12:00 PM,Screen-16,200,300,400
Bhediya,Hindi 3D,Fun Cinemas,11/27/22,9:15 PM,Screen-16,200,300,400
Bhediya,Hindi 3D,Carnival,11/25/22,11:00 AM,Screen-16,200,300,400
Bhediya,Hindi 3D,Carnival,11/25/22,4:00 PM,Screen-16,200,300,400
Bhediya,Hindi 2D,Carnival,11/25/22,7:30 PM,Screen-16,200,300,400
Bhediya,Hindi 3D,PVR Icon,11/25/22,12:00 PM,Screen-16,200,300,400
Bhediya,Hindi 2D,PVR Icon,11/25/22,4:00 PM,Screen-16,200,300,400
Bhediya,Hindi 3D,PVR Icon,11/26/22,7:00 PM,Screen-16,200,300,400
Bhediya,Hindi 2D,PVR Icon,11/26/22,10:00 PM,Screen-16,200,300,400
Bhediya,Hindi 3D,PVR Icon,11/27/22,8:00 PM,Screen-16,200,300,400
Bhediya,Hindi 2D,PVR Icon,11/27/22,11:00 PM,Screen-16,200,300,400
Bhediya,Hindi 2D,PVR Promenade,11/26/22,10:00 AM,Screen-16,200,300,400
Bhediya,Hindi 2D,PVR Promenade,11/26/22,1:30 PM,Screen-16,200,300,400
Bhediya,Hindi 2D,PVR Promenade,11/26/22,5:45 PM,Screen-16,200,300,400
Bhediya,Hindi 2D,PVR Promenade,11/27/22,11:30 AM,Screen-16,200,300,400
Bhediya,Hindi 2D,PVR Promenade,11/27/22,4:50 PM,Screen-16,200,300,400
Bhediya,Hindi 3D,PVR Promenade,11/27/22,9:00 PM,Screen-16,200,300,400
Morbius,Eng Imax,Cinepolis Mumbai,11/25/22,12:00 PM,Screen-17,200,300,400
Morbius,Eng 2D,Cinepolis Mumbai,11/25/22,4:45 PM,Screen-17,200,300,400
Morbius,Eng Imax,Cinepolis Mumbai,11/25/22,9:00 PM,Screen-17,200,300,400
Morbius,Eng Imax,Cinepolis Mumbai,11/26/22,1:00 PM,Screen-17,200,300,400
Morbius,Eng 2D,Cinepolis Mumbai,11/26/22,6:00 PM,Screen-17,200,300,400
Morbius,Eng Imax,Cinepolis Mumbai,11/26/22,10:00 PM,Screen-17,200,300,400
Morbius,Eng Imax,Cinepolis Mumbai,11/27/22,11:00 AM,Screen-17,200,300,400
Morbius,Eng 2D,Cinepolis Mumbai,11/27/22,5:00 PM,Screen-17,200,300,400
Morbius,Eng Imax,Cinepolis Mumbai,11/27/22,9:45 PM,Screen-17,200,300,400
Morbius,Eng Imax,Cinepolis,11/25/22,12:00 PM,Screen-17,200,300,400
Morbius,Eng 2D,Cinepolis,11/25/22,4:45 PM,Screen-17,200,300,400
Morbius,Eng Imax,Cinepolis,11/25/22,9:00 PM,Screen-17,200,300,400
Morbius,Eng Imax,Cinepolis,11/26/22,1:00 PM,Screen-17,200,300,400
Morbius,Eng 2D,Cinepolis,11/26/22,6:00 PM,Screen-17,200,300,400
Morbius,Eng Imax,Cinepolis,11/26/22,10:00 PM,Screen-17,200,300,400
Morbius,Eng Imax,Cinepolis,11/27/22,11:00 AM,Screen-17,200,300,400
Morbius,Eng 2D,Cinepolis,11/27/22,5:00 PM,Screen-17,200,300,400
Morbius,Eng Imax,Cinepolis,11/27/22,9:45 PM,Screen-17,200,300,400
Morbius,Eng 2D,PVR Bengaluru,11/25/22,11:00 AM,Screen-17,200,300,400
Morbius,Eng 2D,PVR Bengaluru,11/25/22,2:30 PM,Screen-17,200,300,400
Morbius,Eng 2D,PVR Bengaluru,11/25/22,6:30 PM,Screen-17,200,300,400
Morbius,Eng 2D,PVR Bengaluru,11/26/22,1:30 PM,Screen-17,200,300,400
Morbius,Eng 2D,PVR Bengaluru,11/26/22,7:00 PM,Screen-17,200,300,400
Morbius,Eng 2D,PVR Bengaluru,11/26/22,11:00 PM,Screen-17,200,300,400
Morbius,Eng 2D,PVR,11/25/22,11:00 AM,Screen-17,200,300,400
Morbius,Eng 2D,PVR,11/25/22,2:30 PM,Screen-17,200,300,400
Morbius,Eng 2D,PVR,11/25/22,6:30 PM,Screen-17,200,300,400
Morbius,Eng 2D,PVR,11/26/22,1:30 PM,Screen-17,200,300,400
Morbius,Eng 2D,PVR,11/26/22,7:00 PM,Screen-17,200,300,400
Morbius,Eng 2D,PVR,11/26/22,11:00 PM,Screen-17,200,300,400
Morbius,Eng 2D,INOX Delhi,11/26/22,11:00 AM,Screen-17,200,300,400
Morbius,Eng 2D,INOX Delhi,11/26/22,2:30 PM,Screen-17,200,300,400
Morbius,Eng 2D,INOX Delhi,11/26/22,6:00 PM,Screen-17,200,300,400
Morbius,Eng 2D,INOX Delhi,11/26/22,10:30 PM,Screen-17,200,300,400
Morbius,Eng 2D,INOX Delhi,11/27/22,3:30 PM,Screen-17,200,300,400
Morbius,Eng 2D,INOX Delhi,11/27/22,9:00 PM,Screen-17,200,300,400
Morbius,Eng 2D,INOX,11/26/22,11:00 AM,Screen-17,200,300,400
Morbius,Eng 2D,INOX,11/26/22,2:30 PM,Screen-17,200,300,400
Morbius,Eng 2D,INOX,11/26/22,6:00 PM,Screen-17,200,300,400
Morbius,Eng 2D,INOX,11/26/22,10:30 PM,Screen-17,200,300,400
Morbius,Eng 2D,INOX,11/27/22,3:30 PM,Screen-17,200,300,400
Morbius,Eng 2D,INOX,11/27/22,9:00 PM,Screen-17,200,300,400
Morbius,Eng 2D,Fun Cinemas,11/25/22,10:30 AM,Screen-17,200,300,400
Morbius,Eng 2D,Fun Cinemas,11/25/22,10:30 PM,Screen-17,200,300,400
Morbius,Eng 2D,Fun Cinemas,11/26/22,10:30 AM,Screen-17,200,300,400
Morbius,Eng 2D,Fun Cinemas,11/26/22,10:30 PM,Screen-17,200,300,400
Morbius,Eng 2D,Carnival,11/25/22,9:30 AM,Screen-17,200,300,400
Morbius,Eng 2D,PVR Promenade,11/25/22,12:45 PM,Screen-17,200,300,400
Morbius,Eng 2D,PVR Promenade,11/25/22,5:00 PM,Screen-17,200,300,400
Morbius,Eng 2D,PVR Promenade,11/25/22,10:00 PM,Screen-17,200,300,400
Morbius,Eng 2D,PVR Promenade,11/26/22,1:00 PM,Screen-17,200,300,400
Morbius,Eng 2D,PVR Promenade,11/26/22,9:00 PM,Screen-17,200,300,400
Morbius,Eng 2D,City Pride,11/25/22,4:45 PM,Screen-17,200,300,400
Morbius,Eng 2D,City Pride,11/25/22,9:45 PM,Screen-17,200,300,400
Morbius,Eng 2D,City Pride,11/26/22,4:45 PM,Screen-17,200,300,400
Morbius,Eng 2D,City Pride,11/26/22,9:45 PM,Screen-17,200,300,400
Morbius,Eng 2D,City Pride,11/27/22,5:15 PM,Screen-17,200,300,400
Morbius,Eng 2D,City Pride,11/27/22,9:15 PM,Screen-17,200,300,400
Morbius,Eng 2D,City Pride,11/27/22,11:15 PM,Screen-17,200,300,400
Rocketry: The Nambi Effect,Hindi 2D,Cinepolis Mumbai,11/25/22,11:00 AM,Screen-18,200,300,400
Rocketry: The Nambi Effect,Hindi Imax,Cinepolis Mumbai,11/25/22,5:00 PM,Screen-18,200,300,400
Rocketry: The Nambi Effect,Hindi Imax,Cinepolis Mumbai,11/25/22,9:30 PM,Screen-18,200,300,400
Rocketry: The Nambi Effect,Hindi 2D,Cinepolis Mumbai,11/26/22,11:00 AM,Screen-18,200,300,400
Rocketry: The Nambi Effect,Hindi Imax,Cinepolis Mumbai,11/26/22,5:00 PM,Screen-18,200,300,400
Rocketry: The Nambi Effect,Hindi Imax,Cinepolis Mumbai,11/26/22,9:30 PM,Screen-18,200,300,400
Rocketry: The Nambi Effect,Hindi 2D,Cinepolis Mumbai,11/27/22,11:00 AM,Screen-18,200,300,400
Rocketry: The Nambi Effect,Hindi Imax,Cinepolis Mumbai,11/27/22,5:00 PM,Screen-18,200,300,400
Rocketry: The Nambi Effect,Hindi Imax,Cinepolis Mumbai,11/27/22,9:30 PM,Screen-18,200,300,400
Rocketry: The Nambi Effect,Hindi 2D,Cinepolis,11/25/22,11:00 AM,Screen-18,200,300,400
Rocketry: The Nambi Effect,Hindi Imax,Cinepolis,11/25/22,5:00 PM,Screen-18,200,300,400
Rocketry: The Nambi Effect,Hindi Imax,Cinepolis,11/25/22,9:30 PM,Screen-18,200,300,400
Rocketry: The Nambi Effect,Hindi 2D,Cinepolis,11/26/22,11:00 AM,Screen-18,200,300,400
Rocketry: The Nambi Effect,Hindi Imax,Cinepolis,11/26/22,5:00 PM,Screen-18,200,300,400
Rocketry: The Nambi Effect,Hindi Imax,Cinepolis,11/26/22,9:30 PM,Screen-18,200,300,400
Rocketry: The Nambi Effect,Hindi 2D,Cinepolis,11/27/22,11:00 AM,Screen-18,200,300,400
Rocketry: The Nambi Effect,Hindi Imax,Cinepolis,11/27/22,5:00 PM,Screen-18,200,300,400
Rocketry: The Nambi Effect,Hindi Imax,Cinepolis,11/27/22,9:30 PM,Screen-18,200,300,400
Rocketry: The Nambi Effect,Hindi 2D,PVR Bengaluru,11/25/22,12:00 PM,Screen-18,200,300,400
Rocketry: The Nambi Effect,Hindi 2D,PVR Bengaluru,11/25/22,8:00 PM,Screen-18,200,300,400
Rocketry: The Nambi Effect,Hindi 2D,PVR Bengaluru,11/26/22,12:00 PM,Screen-18,200,300,400
Rocketry: The Nambi Effect,Hindi 2D,PVR Bengaluru,11/26/22,8:00 PM,Screen-18,200,300,400
Rocketry: The Nambi Effect,Hindi 2D,PVR,11/25/22,12:00 PM,Screen-18,200,300,400
Rocketry: The Nambi Effect,Hindi 2D,PVR,11/25/22,8:00 PM,Screen-18,200,300,400
Rocketry: The Nambi Effect,Hindi 2D,PVR,11/26/22,12:00 PM,Screen-18,200,300,400
Rocketry: The Nambi Effect,Hindi 2D,PVR,11/26/22,8:00 PM,Screen-18,200,300,400
Rocketry: The Nambi Effect,Hindi 2D,INOX Delhi,11/25/22,3:00 PM,Screen-18,200,300,400
Rocketry: The Nambi Effect,Hindi 2D,INOX Delhi,11/25/22,7:00 PM,Screen-18,200,300,400
Rocketry: The Nambi Effect,Hindi 2D,INOX Delhi,11/26/22,4:30 PM,Screen-18,200,300,400
Rocketry: The Nambi Effect,Hindi 2D,INOX Delhi,11/26/22,8:30 PM,Screen-18,200,300,400
Rocketry: The Nambi Effect,Hindi 2D,INOX Delhi,11/27/22,11:45 AM,Screen-18,200,300,400
Rocketry: The Nambi Effect,Hindi 2D,INOX Delhi,11/27/22,5:45 PM,Screen-18,200,300,400
Rocketry: The Nambi Effect,Hindi 2D,INOX,11/25/22,3:00 PM,Screen-18,200,300,400
Rocketry: The Nambi Effect,Hindi 2D,INOX,11/25/22,7:00 PM,Screen-18,200,300,400
Rocketry: The Nambi Effect,Hindi 2D,INOX,11/26/22,4:30 PM,Screen-18,200,300,400
Rocketry: The Nambi Effect,Hindi 2D,INOX,11/26/22,8:30 PM,Screen-18,200,300,400
Rocketry: The Nambi Effect,Hindi 2D,INOX,11/27/22,11:45 AM,Screen-18,200,300,400
Rocketry: The Nambi Effect,Hindi 2D,INOX,11/27/22,5:45 PM,Screen-18,200,300,400
Rocketry: The Nambi Effect,Hindi 2D,Fun Cinemas,11/26/22,11:00 AM,Screen-18,200,300,400
Rocketry: The Nambi Effect,Hindi 2D,Fun Cinemas,11/26/22,3:00 PM,Screen-18,200,300,400
Rocketry: The Nambi Effect,Hindi 2D,Fun Cinemas,11/27/22,11:00 AM,Screen-18,200,300,400
Rocketry: The Nambi Effect,Hindi 2D,Fun Cinemas,11/27/22,3:00 PM,Screen-18,200,300,400
Rocketry: The Nambi Effect,Hindi 2D,PVR Icon,11/25/22,12:30 PM,Screen-18,200,300,400
Rocketry: The Nambi Effect,Hindi 2D,Carnival,11/25/22,3:30 PM,Screen-18,200,300,400
Rocketry: The Nambi Effect,Hindi 2D,Carnival,11/26/22,3:30 PM,Screen-18,200,300,400
Top Gun: Maverick,Eng 3D,Cinepolis Mumbai,11/25/22,3:00 PM,Screen-19,200,300,400
Top Gun: Maverick,Eng 3D,Cinepolis Mumbai,11/25/22,7:00 PM,Screen-19,200,300,400
Top Gun: Maverick,Eng 3D,Cinepolis Mumbai,11/25/22,11:00 PM,Screen-19,200,300,400
Top Gun: Maverick,Eng 3D,Cinepolis Mumbai,11/26/22,3:00 PM,Screen-19,200,300,400
Top Gun: Maverick,Eng 3D,Cinepolis Mumbai,11/26/22,7:00 PM,Screen-19,200,300,400
Top Gun: Maverick,Eng 3D,Cinepolis Mumbai,11/26/22,11:00 PM,Screen-19,200,300,400
Top Gun: Maverick,Eng 2D,Cinepolis Mumbai,11/27/22,12:00 PM,Screen-19,200,300,400
Top Gun: Maverick,Eng 2D,Cinepolis Mumbai,11/27/22,3:00 PM,Screen-19,200,300,400
Top Gun: Maverick,Eng 2D,Cinepolis Mumbai,11/27/22,7:00 PM,Screen-19,200,300,400
Top Gun: Maverick,Eng 3D,Cinepolis,11/25/22,3:00 PM,Screen-19,200,300,400
Top Gun: Maverick,Eng 3D,Cinepolis,11/25/22,7:00 PM,Screen-19,200,300,400
Top Gun: Maverick,Eng 3D,Cinepolis,11/25/22,11:00 PM,Screen-19,200,300,400
Top Gun: Maverick,Eng 3D,Cinepolis,11/26/22,3:00 PM,Screen-19,200,300,400
Top Gun: Maverick,Eng 3D,Cinepolis,11/26/22,7:00 PM,Screen-19,200,300,400
Top Gun: Maverick,Eng 3D,Cinepolis,11/26/22,11:00 PM,Screen-19,200,300,400
Top Gun: Maverick,Eng 2D,Cinepolis,11/27/22,12:00 PM,Screen-19,200,300,400
Top Gun: Maverick,Eng 2D,Cinepolis,11/27/22,3:00 PM,Screen-19,200,300,400
Top Gun: Maverick,Eng 2D,Cinepolis,11/27/22,7:00 PM,Screen-19,200,300,400
Top Gun: Maverick,Eng 2D,PVR Bengaluru,11/25/22,11:00 AM,Screen-19,200,300,400
Top Gun: Maverick,Eng 3D,PVR Bengaluru,11/25/22,10:00 PM,Screen-19,200,300,400
Top Gun: Maverick,Eng 2D,PVR Bengaluru,11/26/22,11:00 AM,Screen-19,200,300,400
Top Gun: Maverick,Eng 3D,PVR Bengaluru,11/26/22,10:00 PM,Screen-19,200,300,400
Top Gun: Maverick,Eng 2D,PVR Bengaluru,11/27/22,11:00 AM,Screen-19,200,300,400
Top Gun: Maverick,Eng 3D,PVR Bengaluru,11/27/22,10:00 PM,Screen-19,200,300,400
Top Gun: Maverick,Eng 2D,PVR,11/25/22,11:00 AM,Screen-19,200,300,400
Top Gun: Maverick,Eng 3D,PVR,11/25/22,10:00 PM,Screen-19,200,300,400
Top Gun: Maverick,Eng 2D,PVR,11/26/22,11:00 AM,Screen-19,200,300,400
Top Gun: Maverick,Eng 3D,PVR,11/26/22,10:00 PM,Screen-19,200,300,400
Top Gun: Maverick,Eng 2D,PVR,11/27/22,11:00 AM,Screen-19,200,300,400
Top Gun: Maverick,Eng 3D,PVR,11/27/22,10:00 PM,Screen-19,200,300,400
Top Gun: Maverick,Eng 3D,INOX Delhi,11/26/22,10:00 AM,Screen-19,200,300,400
Top Gun: Maverick,Eng 3D,INOX Delhi,11/26/22,1:30 PM,Screen-19,200,300,400
Top Gun: Maverick,Eng 3D,INOX Delhi,11/26/22,4:30 PM,Screen-19,200,300,400
Top Gun: Maverick,Eng 3D,INOX Delhi,11/26/22,9:00 PM,Screen-19,200,300,400
Top Gun: Maverick,Eng 3D,INOX Delhi,11/27/22,12:15 PM,Screen-19,200,300,400
Top Gun: Maverick,Eng 3D,INOX Delhi,11/27/22,5:15 PM,Screen-19,200,300,400
Top Gun: Maverick,Eng 3D,INOX,11/26/22,10:00 AM,Screen-19,200,300,400
Top Gun: Maverick,Eng 3D,INOX,11/26/22,1:30 PM,Screen-19,200,300,400
Top Gun: Maverick,Eng 3D,INOX,11/26/22,4:30 PM,Screen-19,200,300,400
Top Gun: Maverick,Eng 3D,INOX,11/26/22,9:00 PM,Screen-19,200,300,400
Top Gun: Maverick,Eng 3D,INOX,11/27/22,12:15 PM,Screen-19,200,300,400
Top Gun: Maverick,Eng 3D,INOX,11/27/22,5:15 PM,Screen-19,200,300,400
Top Gun: Maverick,Eng 2D,Fun Cinemas,11/25/22,3:30 PM,Screen-19,200,300,400
Top Gun: Maverick,Eng 3D,Fun Cinemas,11/25/22,6:30 PM,Screen-19,200,300,400
Top Gun: Maverick,Eng 2D,PVR Icon,11/25/22,5:30 PM,Screen-19,200,300,400
Top Gun: Maverick,Eng 2D,PVR Icon,11/25/22,9:30 PM,Screen-19,200,300,400
Top Gun: Maverick,Eng 2D,PVR Icon,11/26/22,5:30 PM,Screen-19,200,300,400
Top Gun: Maverick,Eng 3D,PVR Icon,11/26/22,9:30 PM,Screen-19,200,300,400
Top Gun: Maverick,Eng 2D,City Pride,11/25/22,3:30 PM,Screen-19,200,300,400
Top Gun: Maverick,Eng 3D,City Pride,11/25/22,9:30 PM,Screen-19,200,300,400
Top Gun: Maverick,Eng 2D,City Pride,11/26/22,3:30 PM,Screen-19,200,300,400
Top Gun: Maverick,Eng 3D,City Pride,11/26/22,9:45 PM,Screen-19,200,300,400
Top Gun: Maverick,Eng 2D,City Pride,11/27/22,12:30 PM,Screen-19,200,300,400
Top Gun: Maverick,Eng 2D,City Pride,11/27/22,4:00 PM,Screen-19,200,300,400
Top Gun: Maverick,Eng 2D,PVR Promenade,11/25/22,12:00 PM,Screen-19,200,300,400
Top Gun: Maverick,Eng 2D,PVR Promenade,11/25/22,3:00 PM,Screen-19,200,300,400
Top Gun: Maverick,Eng 2D,PVR Promenade,11/25/22,6:45 PM,Screen-19,200,300,400
Doc Strange: Multiverse Of Madness,Eng 3D,Cinepolis Mumbai,11/25/22,12:30 PM,Screen-20,200,300,400
Doc Strange: Multiverse Of Madness,Eng 2D,Cinepolis Mumbai,11/25/22,3:00 PM,Screen-20,200,300,400
Doc Strange: Multiverse Of Madness,Eng Imax,Cinepolis Mumbai,11/25/22,6:00 PM,Screen-20,200,300,400
Doc Strange: Multiverse Of Madness,Eng Imax,Cinepolis Mumbai,11/25/22,9:30 PM,Screen-20,200,300,400
Doc Strange: Multiverse Of Madness,Eng 3D,Cinepolis Mumbai,11/26/22,12:30 PM,Screen-20,200,300,400
Doc Strange: Multiverse Of Madness,Eng 2D,Cinepolis Mumbai,11/26/22,3:00 PM,Screen-20,200,300,400
Doc Strange: Multiverse Of Madness,Eng Imax,Cinepolis Mumbai,11/26/22,6:00 PM,Screen-20,200,300,400
Doc Strange: Multiverse Of Madness,Eng Imax,Cinepolis Mumbai,11/26/22,9:30 PM,Screen-20,200,300,400
Doc Strange: Multiverse Of Madness,Eng 3D,Cinepolis Mumbai,11/27/22,12:30 PM,Screen-20,200,300,400
Doc Strange: Multiverse Of Madness,Eng 2D,Cinepolis Mumbai,11/27/22,3:00 PM,Screen-20,200,300,400
Doc Strange: Multiverse Of Madness,Eng Imax,Cinepolis Mumbai,11/27/22,6:00 PM,Screen-20,200,300,400
Doc Strange: Multiverse Of Madness,Eng Imax,Cinepolis Mumbai,11/27/22,9:30 PM,Screen-20,200,300,400
Doc Strange: Multiverse Of Madness,Eng 3D,Cinepolis,11/25/22,12:30 PM,Screen-20,200,300,400
Doc Strange: Multiverse Of Madness,Eng 2D,Cinepolis,11/25/22,3:00 PM,Screen-20,200,300,400
Doc Strange: Multiverse Of Madness,Eng Imax,Cinepolis,11/25/22,6:00 PM,Screen-20,200,300,400
Doc Strange: Multiverse Of Madness,Eng Imax,Cinepolis,11/25/22,9:30 PM,Screen-20,200,300,400
Doc Strange: Multiverse Of Madness,Eng 3D,Cinepolis,11/26/22,12:30 PM,Screen-20,200,300,400
Doc Strange: Multiverse Of Madness,Eng 2D,Cinepolis,11/26/22,3:00 PM,Screen-20,200,300,400
Doc Strange: Multiverse Of Madness,Eng Imax,Cinepolis,11/26/22,6:00 PM,Screen-20,200,300,400
Doc Strange: Multiverse Of Madness,Eng Imax,Cinepolis,11/26/22,9:30 PM,Screen-20,200,300,400
Doc Strange: Multiverse Of Madness,Eng 3D,Cinepolis,11/27/22,12:30 PM,Screen-20,200,300,400
Doc Strange: Multiverse Of Madness,Eng 2D,Cinepolis,11/27/22,3:00 PM,Screen-20,200,300,400
Doc Strange: Multiverse Of Madness,Eng Imax,Cinepolis,11/27/22,6:00 PM,Screen-20,200,300,400
Doc Strange: Multiverse Of Madness,Eng Imax,Cinepolis,11/27/22,9:30 PM,Screen-20,200,300,400
Doc Strange: Multiverse Of Madness,Eng 2D,PVR Bengaluru,11/25/22,11:00 AM,Screen-20,200,300,400
Doc Strange: Multiverse Of Madness,Eng 3D,PVR Bengaluru,11/25/22,3:00 PM,Screen-20,200,300,400
Doc Strange: Multiverse Of Madness,Eng 2D,PVR Bengaluru,11/25/22,6:45 PM,Screen-20,200,300,400
Doc Strange: Multiverse Of Madness,Eng 3D,PVR Bengaluru,11/25/22,10:15 PM,Screen-20,200,300,400
Doc Strange: Multiverse Of Madness,Eng 2D,PVR Bengaluru,11/26/22,11:00 AM,Screen-20,200,300,400
Doc Strange: Multiverse Of Madness,Eng 3D,PVR Bengaluru,11/26/22,3:00 PM,Screen-20,200,300,400
Doc Strange: Multiverse Of Madness,Eng 2D,PVR Bengaluru,11/26/22,6:45 PM,Screen-20,200,300,400
Doc Strange: Multiverse Of Madness,Eng 3D,PVR Bengaluru,11/26/22,10:15 PM,Screen-20,200,300,400
Doc Strange: Multiverse Of Madness,Eng 2D,PVR Bengaluru,11/27/22,11:00 AM,Screen-20,200,300,400
Doc Strange: Multiverse Of Madness,Eng 3D,PVR Bengaluru,11/27/22,3:00 PM,Screen-20,200,300,400
Doc Strange: Multiverse Of Madness,Eng 2D,PVR Bengaluru,11/27/22,6:45 PM,Screen-20,200,300,400
Doc Strange: Multiverse Of Madness,Eng 3D,PVR Bengaluru,11/27/22,10:15 PM,Screen-20,200,300,400
Doc Strange: Multiverse Of Madness,Eng 2D,PVR,11/25/22,11:00 AM,Screen-20,200,300,400
Doc Strange: Multiverse Of Madness,Eng 3D,PVR,11/25/22,3:00 PM,Screen-20,200,300,400
Doc Strange: Multiverse Of Madness,Eng 2D,PVR,11/25/22,6:45 PM,Screen-20,200,300,400
Doc Strange: Multiverse Of Madness,Eng 3D,PVR,11/25/22,10:15 PM,Screen-20,200,300,400
Doc Strange: Multiverse Of Madness,Eng 2D,PVR,11/26/22,11:00 AM,Screen-20,200,300,400
Doc Strange: Multiverse Of Madness,Eng 3D,PVR,11/26/22,3:00 PM,Screen-20,200,300,400
Doc Strange: Multiverse Of Madness,Eng 2D,PVR,11/26/22,6:45 PM,Screen-20,200,300,400
Doc Strange: Multiverse Of Madness,Eng 3D,PVR,11/26/22,10:15 PM,Screen-20,200,300,400
Doc Strange: Multiverse Of Madness,Eng 2D,PVR,11/27/22,11:00 AM,Screen-20,200,300,400
Doc Strange: Multiverse Of Madness,Eng 3D,PVR,11/27/22,3:00 PM,Screen-20,200,300,400
Doc Strange: Multiverse Of Madness,Eng 2D,PVR,11/27/22,6:45 PM,Screen-20,200,300,400
Doc Strange: Multiverse Of Madness,Eng 3D,PVR,11/27/22,10:15 PM,Screen-20,200,300,400
Doc Strange: Multiverse Of Madness,Eng 2D,INOX Delhi,11/25/22,9:30 AM,Screen-20,200,300,400
Doc Strange: Multiverse Of Madness,Eng 3D,INOX Delhi,11/25/22,1:45 PM,Screen-20,200,300,400
Doc Strange: Multiverse Of Madness,Eng 2D,INOX Delhi,11/25/22,6:45 PM,Screen-20,200,300,400
Doc Strange: Multiverse Of Madness,Eng 3D,INOX Delhi,11/25/22,10:30 PM,Screen-20,200,300,400
Doc Strange: Multiverse Of Madness,Eng 2D,INOX Delhi,11/26/22,9:15 AM,Screen-20,200,300,400
Doc Strange: Multiverse Of Madness,Eng 3D,INOX Delhi,11/26/22,1:15 PM,Screen-20,200,300,400
Doc Strange: Multiverse Of Madness,Eng 2D,INOX Delhi,11/26/22,6:15 PM,Screen-20,200,300,400
Doc Strange: Multiverse Of Madness,Eng 3D,INOX Delhi,11/26/22,10:15 PM,Screen-20,200,300,400
Doc Strange: Multiverse Of Madness,Eng 2D,INOX Delhi,11/27/22,8:00 AM,Screen-20,200,300,400
Doc Strange: Multiverse Of Madness,Eng 3D,INOX Delhi,11/27/22,12:00 PM,Screen-20,200,300,400
Doc Strange: Multiverse Of Madness,Eng 2D,INOX Delhi,11/27/22,5:00 PM,Screen-20,200,300,400
Doc Strange: Multiverse Of Madness,Eng 3D,INOX Delhi,11/27/22,10:00 PM,Screen-20,200,300,400
Doc Strange: Multiverse Of Madness,Eng 2D,INOX,11/25/22,9:30 AM,Screen-20,200,300,400
Doc Strange: Multiverse Of Madness,Eng 3D,INOX,11/25/22,1:45 PM,Screen-20,200,300,400
Doc Strange: Multiverse Of Madness,Eng 2D,INOX,11/25/22,6:45 PM,Screen-20,200,300,400
Doc Strange: Multiverse Of Madness,Eng 3D,INOX,11/25/22,10:30 PM,Screen-20,200,300,400
Doc Strange: Multiverse Of Madness,Eng 2D,INOX,11/26/22,9:15 AM,Screen-20,200,300,400
Doc Strange: Multiverse Of Madness,Eng 3D,INOX,11/26/22,1:15 PM,Screen-20,200,300,400
Doc Strange: Multiverse Of Madness,Eng 2D,INOX,11/26/22,6:15 PM,Screen-20,200,300,400
Doc Strange: Multiverse Of Madness,Eng 3D,INOX,11/26/22,10:15 PM,Screen-20,200,300,400
Doc Strange: Multiverse Of Madness,Eng 2D,INOX,11/27/22,8:00 AM,Screen-20,200,300,400
Doc Strange: Multiverse Of Madness,Eng 3D,INOX,11/27/22,12:00 PM,Screen-20,200,300,400
Doc Strange: Multiverse Of Madness,Eng 2D,INOX,11/27/22,5:00 PM,Screen-20,200,300,400
Doc Strange: Multiverse Of Madness,Eng 3D,INOX,11/27/22,10:00 PM,Screen-20,200,300,400
Doc Strange: Multiverse Of Madness,Eng 2D,Fun Cinemas,11/27/22,9:45 AM,Screen-20,200,300,400
Doc Strange: Multiverse Of Madness,Eng 3D,Fun Cinemas,11/27/22,3:30 PM,Screen-20,200,300,400
Doc Strange: Multiverse Of Madness,Eng 3D,Carnival,11/25/22,10:00 PM,Screen-20,200,300,400
Doc Strange: Multiverse Of Madness,Eng 2D,PVR Promenade,11/25/22,6:45 PM,Screen-20,200,300,400
Doc Strange: Multiverse Of Madness,Eng 3D,PVR Promenade,11/25/22,10:45 PM,Screen-20,200,300,400
Doc Strange: Multiverse Of Madness,Eng 2D,PVR Promenade,11/26/22,6:45 PM,Screen-20,200,300,400
Doc Strange: Multiverse Of Madness,Eng 3D,PVR Promenade,11/26/22,10:45 PM,Screen-20,200,300,400
Doc Strange: Multiverse Of Madness,Eng 2D,PVR Promenade,11/27/22,6:45 PM,Screen-20,200,300,400
Doc Strange: Multiverse Of Madness,Eng 3D,PVR Promenade,11/27/22,10:45 PM,Screen-20,200,300,400
Doc Strange: Multiverse Of Madness,Eng 3D,PVR Icon,11/25/22,10:30 AM,Screen-20,200,300,400
Doc Strange: Multiverse Of Madness,Eng 3D,PVR Icon,11/25/22,10:30 PM,Screen-20,200,300,400
Doc Strange: Multiverse Of Madness,Eng 3D,PVR Icon,11/26/22,10:30 PM,Screen-20,200,300,400
Doc Strange: Multiverse Of Madness,Eng 3D,PVR Icon,11/27/22,10:30 PM,Screen-20,200,300,400
